Date,Open,High,Low,Close,Volume
2016-03-30,0.1433209925889969,0.14632299542427063,0.14257100224494934,0.14482200145721436,669249
2016-03-31,0.14407199621200562,0.14857399463653564,0.14407199621200562,0.14707300066947937,1066418
2016-04-04,0.16057999432086945,0.16057999432086945,0.15232600271701813,0.15607799589633942,6136544
2016-04-05,0.1575780063867569,0.16057999432086945,0.15457700192928314,0.1575780063867569,3682000
2016-04-06,0.1575780063867569,0.1635809987783432,0.1575780063867569,0.16057999432086945,8539004
2016-04-07,0.16433200240135193,0.17033499479293823,0.16433200240135193,0.16733300685882568,12081202
2016-04-11,0.16658300161361694,0.16808399558067322,0.16583199799060822,0.16733300685882568,2670660
2016-04-12,0.16733300685882568,0.17108500003814697,0.16733300685882568,0.17033499479293823,5468633
2016-04-13,0.1718350052833557,0.1718350052833557,0.16508199274539948,0.16733300685882568,1929693
2016-04-14,0.16508199274539948,0.16583199799060822,0.16283099353313446,0.16508199274539948,1470952
2016-04-18,0.16057999432086945,0.16057999432086945,0.1575780063867569,0.15907900035381317,1467006
2016-04-19,0.16208100318908691,0.16658300161361694,0.16208100318908691,0.16508199274539948,2430011
2016-04-20,0.16433200240135193,0.16658300161361694,0.1635809987783432,0.16508199274539948,1780136
2016-04-25,0.17033499479293823,0.17408700287342072,0.16883400082588196,0.17108500003814697,4442702
2016-04-26,0.17483699321746826,0.17783799767494202,0.1718350052833557,0.175586998462677,7873939
2016-04-27,0.17033499479293823,0.17483699321746826,0.17033499479293823,0.173335999250412,2154289
2016-04-28,0.17408700287342072,0.17483699321746826,0.1718350052833557,0.17258599400520325,1213769
2016-05-02,0.17258599400520325,0.17258599400520325,0.17108500003814697,0.1718350052833557,505182
2016-05-03,0.1718350052833557,0.17483699321746826,0.17108500003814697,0.173335999250412,1676882
2016-05-04,0.1718350052833557,0.17408700287342072,0.17108500003814697,0.17258599400520325,1542609
2016-05-05,0.17258599400520325,0.17258599400520325,0.17258599400520325,0.17258599400520325,0
2016-05-09,0.1815900057554245,0.1815900057554245,0.17258599400520325,0.17708800733089447,2155721
2016-05-10,0.17258599400520325,0.17708800733089447,0.17258599400520325,0.17408700287342072,694753
2016-05-11,0.17483699321746826,0.17483699321746826,0.16583199799060822,0.1695840060710907,1226186
2016-05-12,0.17033499479293823,0.1718350052833557,0.17033499479293823,0.17108500003814697,719758
2016-05-16,0.17483699321746826,0.175586998462677,0.173335999250412,0.17408700287342072,1736331
2016-05-17,0.17408700287342072,0.175586998462677,0.173335999250412,0.17483699321746826,683646
2016-05-18,0.17258599400520325,0.173335999250412,0.1718350052833557,0.17258599400520325,1205623
2016-05-19,0.17258599400520325,0.17258599400520325,0.16808399558067322,0.1695840060710907,1247093
2016-05-23,0.1695840060710907,0.17033499479293823,0.16808399558067322,0.1695840060710907,917825
2016-05-24,0.1718350052833557,0.173335999250412,0.17033499479293823,0.17108500003814697,1418174
2016-05-25,0.17033499479293823,0.17258599400520325,0.17033499479293823,0.1718350052833557,372221
2016-05-26,0.1718350052833557,0.17258599400520325,0.17108500003814697,0.1718350052833557,851604
2016-05-31,0.17258599400520325,0.17258599400520325,0.1718350052833557,0.17258599400520325,920306
2016-06-01,0.17408700287342072,0.17633800208568573,0.173335999250412,0.175586998462677,704453
2016-06-02,0.17633800208568573,0.17783799767494202,0.17483699321746826,0.175586998462677,622111
2016-06-06,0.17483699321746826,0.17483699321746826,0.17483699321746826,0.17483699321746826,214220
2016-06-07,0.175586998462677,0.17708800733089447,0.17483699321746826,0.17633800208568573,920518
2016-06-08,0.17708800733089447,0.17783799767494202,0.17633800208568573,0.17708800733089447,613335
2016-06-09,0.17783799767494202,0.17783799767494202,0.17633800208568573,0.17708800733089447,646183
2016-06-13,0.17408700287342072,0.17483699321746826,0.17258599400520325,0.173335999250412,2110310
2016-06-14,0.17325200140476227,0.17325200140476227,0.16275200247764587,0.166252002120018,1203721
2016-06-15,0.16537700593471527,0.16800199449062347,0.16537700593471527,0.16712699830532074,811425
2016-06-16,0.166252002120018,0.166252002120018,0.16187700629234314,0.1636269986629486,1156915
2016-06-20,0.15925200283527374,0.16187700629234314,0.158377006649971,0.15925200283527374,472007
2016-06-21,0.15750199556350708,0.15750199556350708,0.15487700700759888,0.1557520031929016,493771
2016-06-22,0.15750199556350708,0.15750199556350708,0.1557520031929016,0.15662699937820435,322347
2016-06-23,0.15312699973583221,0.1557520031929016,0.15312699973583221,0.15487700700759888,121190
2016-06-27,0.15050199627876282,0.15050199627876282,0.14962700009346008,0.15050199627876282,572190
2016-06-28,0.1443769931793213,0.15137700736522675,0.1443769931793213,0.14875200390815735,1008224
2016-06-29,0.15225200355052948,0.15400199592113495,0.15050199627876282,0.15312699973583221,1547611
2016-06-30,0.15487700700759888,0.15487700700759888,0.15137700736522675,0.15225200355052948,192215
2016-07-05,0.15400199592113495,0.15400199592113495,0.15400199592113495,0.15400199592113495,0
2016-07-06,0.15400199592113495,0.15400199592113495,0.15400199592113495,0.15400199592113495,0
2016-07-07,0.15400199592113495,0.15400199592113495,0.15400199592113495,0.15400199592113495,0
2016-07-11,0.15487700700759888,0.15487700700759888,0.15312699973583221,0.15400199592113495,832613
2016-07-12,0.15400199592113495,0.15487700700759888,0.15312699973583221,0.15400199592113495,1049388
2016-07-13,0.1557520031929016,0.1557520031929016,0.15400199592113495,0.15487700700759888,1242670
2016-07-14,0.15750199556350708,0.16450199484825134,0.15750199556350708,0.16187700629234314,4750891
2016-07-18,0.17062699794769287,0.17237700521945953,0.16450199484825134,0.16800199449062347,1624381
2016-07-19,0.166252002120018,0.166252002120018,0.1610019952058792,0.16275200247764587,1720102
2016-07-20,0.1636269986629486,0.1636269986629486,0.15925200283527374,0.16012699902057648,596493
2016-07-21,0.16187700629234314,0.1636269986629486,0.1610019952058792,0.16275200247764587,1528772
2016-07-25,0.16275200247764587,0.166252002120018,0.16275200247764587,0.16450199484825134,1134779
2016-07-26,0.16537700593471527,0.1715019941329956,0.16537700593471527,0.16975200176239014,2708444
2016-07-27,0.17062699794769287,0.17237700521945953,0.16975200176239014,0.1715019941329956,2081345
2016-07-28,0.1715019941329956,0.17237700521945953,0.17062699794769287,0.1715019941329956,1277450
2016-08-01,0.1688770055770874,0.17237700521945953,0.1688770055770874,0.17062699794769287,836966
2016-08-02,0.17062699794769287,0.1715019941329956,0.16800199449062347,0.16975200176239014,525868
2016-08-03,0.1688770055770874,0.1688770055770874,0.166252002120018,0.16712699830532074,1118993
2016-08-04,0.1688770055770874,0.17062699794769287,0.16800199449062347,0.1688770055770874,1136084
2016-08-08,0.16975200176239014,0.17062699794769287,0.16975200176239014,0.17062699794769287,518124
2016-08-09,0.17062699794769287,0.1715019941329956,0.1688770055770874,0.17062699794769287,530049
2016-08-10,0.16975200176239014,0.17062699794769287,0.16975200176239014,0.17062699794769287,1011167
2016-08-11,0.17062699794769287,0.174126997590065,0.17062699794769287,0.17237700521945953,3072897
2016-08-15,0.1715019941329956,0.17237700521945953,0.1715019941329956,0.1715019941329956,195082
2016-08-16,0.1715019941329956,0.1715019941329956,0.17062699794769287,0.17062699794769287,128014
2016-08-17,0.17062699794769287,0.17062699794769287,0.17062699794769287,0.17062699794769287,136995
2016-08-18,0.17062699794769287,0.17062699794769287,0.17062699794769287,0.17062699794769287,181116
2016-08-22,0.1688770055770874,0.1688770055770874,0.166252002120018,0.16800199449062347,512512
2016-08-23,0.16800199449062347,0.16800199449062347,0.16712699830532074,0.16712699830532074,25092
2016-08-24,0.16712699830532074,0.16800199449062347,0.16712699830532074,0.16712699830532074,220564
2016-08-25,0.16712699830532074,0.16800199449062347,0.16712699830532074,0.16712699830532074,265934
2016-08-29,0.166252002120018,0.166252002120018,0.1610019952058792,0.16275200247764587,1007198
2016-08-30,0.16275200247764587,0.16275200247764587,0.16275200247764587,0.16275200247764587,887916
2016-08-31,0.1636269986629486,0.16537700593471527,0.1636269986629486,0.16450199484825134,1759680
2016-09-01,0.1636269986629486,0.166252002120018,0.1636269986629486,0.16450199484825134,284674
2016-09-06,0.166252002120018,0.16712699830532074,0.166252002120018,0.166252002120018,565968
2016-09-07,0.16712699830532074,0.16712699830532074,0.16537700593471527,0.166252002120018,128928
2016-09-08,0.166252002120018,0.166252002120018,0.16450199484825134,0.166252002120018,137830
2016-09-12,0.1899999976158142,0.1899999976158142,0.1899999976158142,0.1899999976158142,0
2016-09-13,0.1899999976158142,0.1899999976158142,0.1899999976158142,0.1899999976158142,0
2016-09-14,0.1899999976158142,0.1899999976158142,0.1899999976158142,0.1899999976158142,0
2016-09-20,0.16450199484825134,0.16450199484825134,0.16187700629234314,0.16275200247764587,319080
2016-09-21,0.16275200247764587,0.16275200247764587,0.16275200247764587,0.16275200247764587,0
2016-09-22,0.16275200247764587,0.16275200247764587,0.16275200247764587,0.16275200247764587,0
2016-09-27,0.16275200247764587,0.16450199484825134,0.16275200247764587,0.1636269986629486,110071
2016-09-28,0.1636269986629486,0.1636269986629486,0.16187700629234314,0.16275200247764587,352078
2016-09-29,0.1636269986629486,0.16450199484825134,0.16187700629234314,0.1636269986629486,738795
2016-10-03,0.16275200247764587,0.1636269986629486,0.16187700629234314,0.16275200247764587,85724
2016-10-04,0.16275200247764587,0.16275200247764587,0.16187700629234314,0.16187700629234314,85724
2016-10-05,0.16275200247764587,0.16275200247764587,0.1610019952058792,0.16187700629234314,625918
2016-10-06,0.1610019952058792,0.1610019952058792,0.15662699937820435,0.15750199556350708,1180862
2016-10-10,0.15750199556350708,0.15750199556350708,0.15400199592113495,0.1557520031929016,783292
2016-10-11,0.15487700700759888,0.15925200283527374,0.15487700700759888,0.158377006649971,598711
2016-10-12,0.158377006649971,0.158377006649971,0.15312699973583221,0.15400199592113495,2474459
2016-10-13,0.15400199592113495,0.15400199592113495,0.15050199627876282,0.15137700736522675,717281
2016-10-17,0.14700199663639069,0.14700199663639069,0.14700199663639069,0.14700199663639069,47569
2016-10-18,0.14875200390815735,0.15137700736522675,0.14875200390815735,0.14962700009346008,2402228
2016-10-19,0.15050199627876282,0.15137700736522675,0.14875200390815735,0.14962700009346008,207008
2016-10-20,0.15050199627876282,0.15050199627876282,0.14787699282169342,0.14875200390815735,386842
2016-10-24,0.14875200390815735,0.14875200390815735,0.14787699282169342,0.14875200390815735,737910
2016-10-25,0.14787699282169342,0.14787699282169342,0.1443769931793213,0.14612700045108795,369277
2016-10-26,0.14525200426578522,0.14612700045108795,0.14525200426578522,0.14525200426578522,205949
2016-10-27,0.14525200426578522,0.14612700045108795,0.1443769931793213,0.14525200426578522,441655
2016-10-31,0.14525200426578522,0.14612700045108795,0.1443769931793213,0.14525200426578522,569654
2016-11-01,0.1443769931793213,0.14525200426578522,0.14350199699401855,0.1443769931793213,184671
2016-11-02,0.1443769931793213,0.1443769931793213,0.14262700080871582,0.14262700080871582,75427
2016-11-03,0.14262700080871582,0.14350199699401855,0.14262700080871582,0.14262700080871582,24891
2016-11-07,0.14350199699401855,0.1443769931793213,0.14350199699401855,0.1443769931793213,455892
2016-11-08,0.14525200426578522,0.14525200426578522,0.14000099897384644,0.14175200462341309,430563
2016-11-09,0.14000099897384644,0.14175200462341309,0.1391260027885437,0.14000099897384644,419972
2016-11-10,0.14262700080871582,0.14262700080871582,0.1391260027885437,0.14000099897384644,537820
2016-11-14,0.14175200462341309,0.14262700080871582,0.14000099897384644,0.14175200462341309,750174
2016-11-15,0.14350199699401855,0.14700199663639069,0.14350199699401855,0.1443769931793213,443682
2016-11-16,0.14700199663639069,0.14875200390815735,0.14612700045108795,0.14787699282169342,627308
2016-11-17,0.14700199663639069,0.14962700009346008,0.14612700045108795,0.14787699282169342,1295075
2016-11-21,0.15137700736522675,0.15137700736522675,0.15050199627876282,0.15137700736522675,513702
2016-11-22,0.15137700736522675,0.15137700736522675,0.15050199627876282,0.15137700736522675,366654
2016-11-28,0.15137700736522675,0.15137700736522675,0.14962700009346008,0.15050199627876282,859416
2016-11-29,0.14962700009346008,0.15050199627876282,0.14962700009346008,0.14962700009346008,260527
2016-11-30,0.14875200390815735,0.15050199627876282,0.14875200390815735,0.14962700009346008,440384
2016-12-01,0.15312699973583221,0.15662699937820435,0.15312699973583221,0.15487700700759888,2357810
2016-12-06,0.16187700629234314,0.1636269986629486,0.1610019952058792,0.16275200247764587,884627
2016-12-07,0.16012699902057648,0.1610019952058792,0.16012699902057648,0.1610019952058792,792003
2016-12-08,0.16275200247764587,0.16275200247764587,0.16012699902057648,0.1610019952058792,288137
2016-12-12,0.16537700593471527,0.16537700593471527,0.16537700593471527,0.16537700593471527,0
2016-12-13,0.16975200176239014,0.16975200176239014,0.16537700593471527,0.16712699830532074,900028
2016-12-14,0.16800199449062347,0.16800199449062347,0.16450199484825134,0.16537700593471527,129678
2016-12-15,0.1636269986629486,0.16537700593471527,0.16275200247764587,0.16450199484825134,731850
2016-12-19,0.16712699830532074,0.16712699830532074,0.16450199484825134,0.16537700593471527,1040935
2016-12-20,0.166252002120018,0.16800199449062347,0.166252002120018,0.16712699830532074,3362278
2016-12-21,0.16800199449062347,0.1688770055770874,0.16712699830532074,0.16800199449062347,1402879
2016-12-22,0.16800199449062347,0.16800199449062347,0.166252002120018,0.166252002120018,836495
2016-12-27,0.1636269986629486,0.16450199484825134,0.1636269986629486,0.1636269986629486,568138
2016-12-28,0.16537700593471527,0.16537700593471527,0.16450199484825134,0.16450199484825134,240942
2016-12-29,0.16450199484825134,0.16450199484825134,0.16275200247764587,0.1636269986629486,1700652
2017-01-03,0.16800199449062347,0.16800199449062347,0.16712699830532074,0.16712699830532074,602808
2017-01-04,0.16712699830532074,0.16800199449062347,0.16712699830532074,0.16712699830532074,1632972
2017-01-05,0.16800199449062347,0.1688770055770874,0.16712699830532074,0.16800199449062347,1540662
2017-01-09,0.166252002120018,0.166252002120018,0.16450199484825134,0.16537700593471527,658847
2017-01-10,0.1636269986629486,0.16537700593471527,0.1636269986629486,0.16450199484825134,153425
2017-01-11,0.16537700593471527,0.16800199449062347,0.16537700593471527,0.166252002120018,748077
2017-01-12,0.166252002120018,0.166252002120018,0.16275200247764587,0.1636269986629486,206168
2017-01-17,0.16012699902057648,0.1636269986629486,0.16012699902057648,0.16187700629234314,127720
2017-01-18,0.16450199484825134,0.166252002120018,0.16275200247764587,0.1636269986629486,1518234
2017-01-19,0.16450199484825134,0.16450199484825134,0.1636269986629486,0.1636269986629486,367771
2017-01-23,0.1636269986629486,0.16450199484825134,0.1636269986629486,0.1636269986629486,113989
2017-01-24,0.1636269986629486,0.1636269986629486,0.16275200247764587,0.1636269986629486,188283
2017-01-25,0.1636269986629486,0.1636269986629486,0.16275200247764587,0.16275200247764587,115826
2017-01-26,0.16187700629234314,0.16275200247764587,0.16187700629234314,0.16275200247764587,250996
2017-01-30,0.16187700629234314,0.16187700629234314,0.16187700629234314,0.16187700629234314,191425
2017-01-31,0.1610019952058792,0.16275200247764587,0.1610019952058792,0.16187700629234314,246511
2017-02-01,0.16275200247764587,0.16450199484825134,0.16275200247764587,0.1636269986629486,234396
2017-02-02,0.1636269986629486,0.16450199484825134,0.16275200247764587,0.1636269986629486,385866
2017-02-06,0.166252002120018,0.166252002120018,0.16450199484825134,0.16450199484825134,120838
2017-02-07,0.166252002120018,0.166252002120018,0.16450199484825134,0.16537700593471527,154078
2017-02-08,0.16275200247764587,0.1636269986629486,0.16275200247764587,0.16275200247764587,194282
2017-02-09,0.16450199484825134,0.16450199484825134,0.1636269986629486,0.1636269986629486,14954
2017-02-13,0.1636269986629486,0.16450199484825134,0.16275200247764587,0.1636269986629486,416052
2017-02-14,0.16450199484825134,0.16450199484825134,0.1636269986629486,0.1636269986629486,396778
2017-02-15,0.1636269986629486,0.16537700593471527,0.1636269986629486,0.16450199484825134,316410
2017-02-16,0.166252002120018,0.1688770055770874,0.16537700593471527,0.16712699830532074,1491666
2017-02-21,0.17237700521945953,0.17237700521945953,0.16800199449062347,0.16975200176239014,615648
2017-02-22,0.17062699794769287,0.17325200140476227,0.16975200176239014,0.1715019941329956,1320150
2017-02-23,0.17062699794769287,0.17062699794769287,0.16975200176239014,0.16975200176239014,406540
2017-02-27,0.1688770055770874,0.16975200176239014,0.16800199449062347,0.1688770055770874,479909
2017-02-28,0.1688770055770874,0.1688770055770874,0.16712699830532074,0.16800199449062347,370230
2017-03-01,0.16975200176239014,0.16975200176239014,0.16712699830532074,0.16800199449062347,1533524
2017-03-02,0.166252002120018,0.1715019941329956,0.166252002120018,0.16975200176239014,757717
2017-03-06,0.18812699615955353,0.18812699615955353,0.182001993060112,0.1846269965171814,3602513
2017-03-07,0.18375200033187866,0.18375200033187866,0.1767520010471344,0.1793770045042038,1811297
2017-03-08,0.1793770045042038,0.18287700414657593,0.1793770045042038,0.182001993060112,1959008
2017-03-09,0.182001993060112,0.182001993060112,0.1793770045042038,0.18112699687480927,807141
2017-03-13,0.1767520010471344,0.17850199341773987,0.17500199377536774,0.17587700486183167,958728
2017-03-14,0.1767520010471344,0.1793770045042038,0.17325200140476227,0.17587700486183167,1490085
2017-03-15,0.17500199377536774,0.17587700486183167,0.17237700521945953,0.174126997590065,1000854
2017-03-16,0.17500199377536774,0.17762699723243713,0.174126997590065,0.17587700486183167,2444724
2017-03-20,0.17325200140476227,0.174126997590065,0.17325200140476227,0.17325200140476227,411818
2017-03-21,0.17500199377536774,0.17500199377536774,0.17325200140476227,0.174126997590065,448559
2017-03-22,0.17500199377536774,0.17500199377536774,0.17237700521945953,0.17325200140476227,284230
2017-03-23,0.17237700521945953,0.17500199377536774,0.17237700521945953,0.174126997590065,894303
2017-03-27,0.17762699723243713,0.17762699723243713,0.17237700521945953,0.17500199377536774,1008800
2017-03-28,0.1767520010471344,0.17762699723243713,0.17500199377536774,0.1767520010471344,2134161
2017-03-29,0.17762699723243713,0.1793770045042038,0.17762699723243713,0.17850199341773987,2069438
2017-03-30,0.17850199341773987,0.1793770045042038,0.1767520010471344,0.17762699723243713,1562339
2017-04-03,0.18112699687480927,0.19075199961662292,0.18112699687480927,0.18550199270248413,4063172
2017-04-04,0.19075199961662292,0.19075199961662292,0.18375200033187866,0.1872519999742508,5304989
2017-04-05,0.1898770034313202,0.19075199961662292,0.18637700378894806,0.18900200724601746,1883397
2017-04-06,0.1898770034313202,0.1898770034313202,0.1846269965171814,0.18637700378894806,3161417
2017-04-10,0.18375200033187866,0.18375200033187866,0.18112699687480927,0.182001993060112,353121
2017-04-11,0.182001993060112,0.182001993060112,0.1793770045042038,0.18112699687480927,480102
2017-04-12,0.1793770045042038,0.1846269965171814,0.1793770045042038,0.18287700414657593,1763893
2017-04-13,0.18375200033187866,0.18375200033187866,0.18112699687480927,0.18112699687480927,499768
2017-04-17,0.182001993060112,0.182001993060112,0.1793770045042038,0.18025200068950653,1063509
2017-04-18,0.17850199341773987,0.1793770045042038,0.17762699723243713,0.17850199341773987,798363
2017-04-19,0.18025200068950653,0.18025200068950653,0.1767520010471344,0.17762699723243713,461692
2017-04-20,0.1767520010471344,0.17850199341773987,0.17500199377536774,0.1767520010471344,895881
2017-04-24,0.17850199341773987,0.17850199341773987,0.17850199341773987,0.17850199341773987,0
2017-04-26,0.17850199341773987,0.1793770045042038,0.17850199341773987,0.17850199341773987,1511727
2017-04-27,0.1793770045042038,0.18112699687480927,0.1793770045042038,0.18025200068950653,1292955
2017-05-01,0.1793770045042038,0.18112699687480927,0.1793770045042038,0.18025200068950653,1159435
2017-05-02,0.18112699687480927,0.182001993060112,0.18025200068950653,0.18112699687480927,1338649
2017-05-03,0.182001993060112,0.1846269965171814,0.182001993060112,0.18287700414657593,3036373
2017-05-04,0.182001993060112,0.18287700414657593,0.18025200068950653,0.18112699687480927,3548171
2017-05-08,0.18025200068950653,0.18025200068950653,0.1767520010471344,0.17850199341773987,344837
2017-05-09,0.17850199341773987,0.1793770045042038,0.1767520010471344,0.17850199341773987,956122
2017-05-10,0.17850199341773987,0.18025200068950653,0.17850199341773987,0.1793770045042038,560501
2017-05-11,0.1793770045042038,0.18025200068950653,0.17762699723243713,0.1793770045042038,921594
2017-05-15,0.18025200068950653,0.18112699687480927,0.1793770045042038,0.18025200068950653,511860
2017-05-16,0.18025200068950653,0.18287700414657593,0.18025200068950653,0.182001993060112,812429
2017-05-17,0.182001993060112,0.1846269965171814,0.182001993060112,0.18287700414657593,2109789
2017-05-18,0.18287700414657593,0.18287700414657593,0.182001993060112,0.182001993060112,308195
2017-05-22,0.182001993060112,0.18287700414657593,0.18112699687480927,0.18112699687480927,870569
2017-05-23,0.18375200033187866,0.18375200033187866,0.18025200068950653,0.18112699687480927,474577
2017-05-24,0.18112699687480927,0.18112699687480927,0.1793770045042038,0.18025200068950653,77744
2017-05-25,0.1793770045042038,0.18025200068950653,0.17850199341773987,0.1793770045042038,305423
2017-05-30,0.17850199341773987,0.1793770045042038,0.17850199341773987,0.1793770045042038,623497
2017-05-31,0.18025200068950653,0.18550199270248413,0.1793770045042038,0.18287700414657593,2331279
2017-06-01,0.18287700414657593,0.18375200033187866,0.1793770045042038,0.182001993060112,647596
2017-06-05,0.18112699687480927,0.18112699687480927,0.1767520010471344,0.1793770045042038,1077940
2017-06-06,0.1793770045042038,0.18025200068950653,0.1793770045042038,0.1793770045042038,391564
2017-06-07,0.18112699687480927,0.182001993060112,0.17850199341773987,0.18025200068950653,877226
2017-06-08,0.18112699687480927,0.18112699687480927,0.1793770045042038,0.18025200068950653,272688
2017-06-12,0.17850199341773987,0.1793770045042038,0.17850199341773987,0.1793770045042038,67556
2017-06-13,0.17850199341773987,0.18025200068950653,0.17850199341773987,0.18025200068950653,133756
2017-06-14,0.18025200068950653,0.18112699687480927,0.1793770045042038,0.18025200068950653,678460
2017-06-15,0.18025200068950653,0.18112699687480927,0.17850199341773987,0.1793770045042038,498795
2017-06-19,0.17850199341773987,0.17850199341773987,0.17762699723243713,0.17762699723243713,450547
2017-06-20,0.17762699723243713,0.1793770045042038,0.1767520010471344,0.17850199341773987,1184846
2017-06-21,0.17762699723243713,0.18025200068950653,0.17500199377536774,0.17762699723243713,1097667
2017-06-22,0.16500000655651093,0.16500000655651093,0.1599999964237213,0.16099999845027924,364338
2017-06-26,0.16099999845027924,0.16099999845027924,0.16099999845027924,0.16099999845027924,0
2017-06-27,0.16099999845027924,0.16099999845027924,0.16099999845027924,0.16099999845027924,0
2017-06-28,0.16099999845027924,0.16099999845027924,0.16099999845027924,0.16099999845027924,0
2017-07-03,0.16099999845027924,0.16099999845027924,0.16099999845027924,0.16099999845027924,0
2017-07-05,0.1599999964237213,0.1599999964237213,0.1589999943971634,0.1589999943971634,124139
2017-07-06,0.15800000727176666,0.15800000727176666,0.15800000727176666,0.15800000727176666,100801
2017-07-10,0.15700000524520874,0.15800000727176666,0.15700000524520874,0.15700000524520874,27526
2017-07-11,0.15800000727176666,0.15800000727176666,0.15700000524520874,0.15800000727176666,16288
2017-07-12,0.15700000524520874,0.15700000524520874,0.15600000321865082,0.15600000321865082,55816
2017-07-13,0.1550000011920929,0.1550000011920929,0.14100000262260437,0.14900000393390656,761724
2017-07-17,0.14900000393390656,0.15299999713897705,0.14900000393390656,0.1509999930858612,118000
2017-07-18,0.1550000011920929,0.1550000011920929,0.15299999713897705,0.15399999916553497,402913
2017-07-19,0.15399999916553497,0.15399999916553497,0.15399999916553497,0.15399999916553497,3000
2017-07-20,0.15399999916553497,0.15399999916553497,0.15199999511241913,0.15299999713897705,32645
2017-07-24,0.14900000393390656,0.15000000596046448,0.14900000393390656,0.14900000393390656,137600
2017-07-25,0.15000000596046448,0.15000000596046448,0.14900000393390656,0.14900000393390656,110100
2017-07-26,0.14499999582767487,0.14499999582767487,0.14499999582767487,0.14499999582767487,65078
2017-07-27,0.14499999582767487,0.14499999582767487,0.1420000046491623,0.14300000667572021,257899
2017-07-31,0.14499999582767487,0.14499999582767487,0.14000000059604645,0.14300000667572021,317163
2017-08-01,0.1459999978542328,0.1459999978542328,0.1459999978542328,0.1459999978542328,78846
2017-08-02,0.1459999978542328,0.1459999978542328,0.1459999978542328,0.1459999978542328,83621
2017-08-03,0.1469999998807907,0.1469999998807907,0.1459999978542328,0.1469999998807907,12599
2017-08-07,0.1469999998807907,0.1469999998807907,0.1459999978542328,0.1459999978542328,79129
2017-08-08,0.14499999582767487,0.1459999978542328,0.14399999380111694,0.14499999582767487,161856
2017-08-09,0.14499999582767487,0.14499999582767487,0.14499999582767487,0.14499999582767487,55083
2017-08-10,0.14499999582767487,0.14499999582767487,0.14499999582767487,0.14499999582767487,23581
2017-08-14,0.14499999582767487,0.14499999582767487,0.14499999582767487,0.14499999582767487,250
2017-08-15,0.14000000059604645,0.14300000667572021,0.14000000059604645,0.14100000262260437,62418
2017-08-16,0.14100000262260437,0.1420000046491623,0.14100000262260437,0.1420000046491623,60000
2017-08-17,0.14000000059604645,0.14000000059604645,0.13899999856948853,0.14000000059604645,247561
2017-08-21,0.14100000262260437,0.14300000667572021,0.14000000059604645,0.1420000046491623,279579
2017-08-22,0.14499999582767487,0.15600000321865082,0.14499999582767487,0.15299999713897705,3654523
2017-08-23,0.1599999964237213,0.16599999368190765,0.15800000727176666,0.16200000047683716,1870702
2017-08-24,0.15800000727176666,0.1599999964237213,0.15800000727176666,0.1589999943971634,326613
2017-08-28,0.15700000524520874,0.15700000524520874,0.15399999916553497,0.1550000011920929,775506
2017-08-29,0.15399999916553497,0.15700000524520874,0.15299999713897705,0.15399999916553497,412200
2017-08-30,0.1550000011920929,0.1550000011920929,0.15399999916553497,0.1550000011920929,195525
2017-08-31,0.1550000011920929,0.1550000011920929,0.1550000011920929,0.1550000011920929,0
2017-09-05,0.1550000011920929,0.1550000011920929,0.1550000011920929,0.1550000011920929,0
2017-09-06,0.1599999964237213,0.1599999964237213,0.1550000011920929,0.15600000321865082,100245
2017-09-07,0.15600000321865082,0.15800000727176666,0.15600000321865082,0.15700000524520874,908803
2017-09-11,0.16200000047683716,0.16200000047683716,0.15800000727176666,0.1589999943971634,173362
2017-09-12,0.1589999943971634,0.1599999964237213,0.15700000524520874,0.15800000727176666,499999
2017-09-13,0.1589999943971634,0.1599999964237213,0.15700000524520874,0.15800000727176666,508357
2017-09-14,0.15800000727176666,0.15800000727176666,0.1550000011920929,0.15600000321865082,1336784
2017-09-18,0.15399999916553497,0.1550000011920929,0.15000000596046448,0.15199999511241913,2372774
2017-09-19,0.1509999930858612,0.1550000011920929,0.1509999930858612,0.15399999916553497,928949
2017-09-20,0.1550000011920929,0.15600000321865082,0.15000000596046448,0.15299999713897705,1820728
2017-09-21,0.15299999713897705,0.15299999713897705,0.15299999713897705,0.15299999713897705,0
2017-09-25,0.15299999713897705,0.15299999713897705,0.15299999713897705,0.15299999713897705,0
2017-09-26,0.15199999511241913,0.15299999713897705,0.1509999930858612,0.15199999511241913,218302
2017-09-27,0.1509999930858612,0.15199999511241913,0.1509999930858612,0.15199999511241913,84000
2017-09-28,0.15199999511241913,0.15399999916553497,0.1509999930858612,0.15199999511241913,624767
2017-10-02,0.15199999511241913,0.15199999511241913,0.15000000596046448,0.15000000596046448,534870
2017-10-03,0.15000000596046448,0.15000000596046448,0.1469999998807907,0.14900000393390656,484930
2017-10-04,0.15000000596046448,0.15000000596046448,0.1469999998807907,0.14800000190734863,435556
2017-10-05,0.14900000393390656,0.14900000393390656,0.14800000190734863,0.14900000393390656,148797
2017-10-09,0.14499999582767487,0.14900000393390656,0.1420000046491623,0.14499999582767487,160000
2017-10-10,0.14300000667572021,0.14300000667572021,0.14100000262260437,0.1420000046491623,182665
2017-10-11,0.14000000059604645,0.1459999978542328,0.14000000059604645,0.1420000046491623,439437
2017-10-12,0.14300000667572021,0.14300000667572021,0.14100000262260437,0.14300000667572021,136273
2017-10-16,0.12999999523162842,0.13600000739097595,0.12999999523162842,0.13300000131130219,451700
2017-10-17,0.13300000131130219,0.13600000739097595,0.13300000131130219,0.1340000033378601,248595
2017-10-18,0.13500000536441803,0.14100000262260437,0.13500000536441803,0.1379999965429306,1349327
2017-10-19,0.14000000059604645,0.1420000046491623,0.13699999451637268,0.13899999856948853,492000
2017-10-23,0.1379999965429306,0.1379999965429306,0.13300000131130219,0.13300000131130219,86550
2017-10-24,0.13600000739097595,0.13600000739097595,0.12999999523162842,0.13199999928474426,141430
2017-10-25,0.12999999523162842,0.12999999523162842,0.12399999797344208,0.12600000202655792,465834
2017-10-26,0.12399999797344208,0.12399999797344208,0.12399999797344208,0.12399999797344208,85277
2017-10-30,0.12800000607967377,0.13199999928474426,0.12700000405311584,0.12999999523162842,599712
2017-10-31,0.12999999523162842,0.13600000739097595,0.12999999523162842,0.1340000033378601,981105
2017-11-01,0.13600000739097595,0.13899999856948853,0.13500000536441803,0.13699999451637268,647388
2017-11-02,0.14000000059604645,0.14000000059604645,0.13699999451637268,0.1379999965429306,430190
2017-11-06,0.14399999380111694,0.14900000393390656,0.14399999380111694,0.1459999978542328,2558025
2017-11-07,0.1459999978542328,0.14900000393390656,0.1420000046491623,0.14499999582767487,1086500
2017-11-08,0.14300000667572021,0.14399999380111694,0.1420000046491623,0.1420000046491623,73650
2017-11-09,0.14399999380111694,0.15000000596046448,0.14399999380111694,0.1469999998807907,1687843
2017-11-13,0.15700000524520874,0.15800000727176666,0.15299999713897705,0.15399999916553497,1278619
2017-11-14,0.15299999713897705,0.15299999713897705,0.14800000190734863,0.15000000596046448,1317407
2017-11-15,0.15000000596046448,0.15299999713897705,0.1469999998807907,0.14800000190734863,1521199
2017-11-16,0.1469999998807907,0.15199999511241913,0.1469999998807907,0.15000000596046448,717639
2017-11-20,0.15000000596046448,0.15000000596046448,0.14800000190734863,0.14900000393390656,236400
2017-11-21,0.1469999998807907,0.14900000393390656,0.1459999978542328,0.1469999998807907,997220
2017-11-22,0.14800000190734863,0.14800000190734863,0.1469999998807907,0.1469999998807907,423908
2017-11-27,0.14900000393390656,0.14900000393390656,0.1469999998807907,0.1469999998807907,491700
2017-11-28,0.1469999998807907,0.15399999916553497,0.1459999978542328,0.1509999930858612,2863499
2017-11-29,0.15399999916553497,0.15399999916553497,0.14900000393390656,0.15199999511241913,1237607
2017-11-30,0.1509999930858612,0.15199999511241913,0.15000000596046448,0.1509999930858612,886854
2017-12-06,0.1509999930858612,0.15199999511241913,0.1509999930858612,0.1509999930858612,337751
2017-12-07,0.1509999930858612,0.1509999930858612,0.15000000596046448,0.1509999930858612,406112
2017-12-11,0.15000000596046448,0.15000000596046448,0.15000000596046448,0.15000000596046448,77900
2017-12-12,0.1509999930858612,0.1509999930858612,0.15000000596046448,0.15000000596046448,258610
2017-12-13,0.1509999930858612,0.1509999930858612,0.15000000596046448,0.1509999930858612,51033
2017-12-14,0.15000000596046448,0.15000000596046448,0.1469999998807907,0.14900000393390656,113375
2017-12-18,0.1469999998807907,0.1469999998807907,0.1459999978542328,0.1469999998807907,192930
2017-12-19,0.1469999998807907,0.1469999998807907,0.1459999978542328,0.1469999998807907,289044
2017-12-20,0.1469999998807907,0.14900000393390656,0.1469999998807907,0.14800000190734863,212457
2017-12-21,0.14800000190734863,0.14800000190734863,0.14800000190734863,0.14800000190734863,19866
2017-12-26,0.14499999582767487,0.14499999582767487,0.14300000667572021,0.14300000667572021,25000
2017-12-27,0.14499999582767487,0.1459999978542328,0.14399999380111694,0.14499999582767487,233605
2017-12-28,0.1469999998807907,0.14800000190734863,0.14300000667572021,0.1459999978542328,353651
2018-01-02,0.14499999582767487,0.1550000011920929,0.14499999582767487,0.1509999930858612,498275
2018-01-03,0.15299999713897705,0.15299999713897705,0.15199999511241913,0.15299999713897705,211100
2018-01-04,0.15299999713897705,0.15299999713897705,0.15199999511241913,0.15199999511241913,423186
2018-01-08,0.1509999930858612,0.1509999930858612,0.15000000596046448,0.15000000596046448,140881
2018-01-09,0.15199999511241913,0.15800000727176666,0.15199999511241913,0.15299999713897705,2649386
2018-01-10,0.15600000321865082,0.15800000727176666,0.1550000011920929,0.15600000321865082,932212
2018-01-11,0.15700000524520874,0.1589999943971634,0.15299999713897705,0.15700000524520874,2165727
2018-01-16,0.15299999713897705,0.15299999713897705,0.1509999930858612,0.15199999511241913,336653
2018-01-17,0.15199999511241913,0.15199999511241913,0.15199999511241913,0.15199999511241913,0
2018-01-18,0.15199999511241913,0.15199999511241913,0.15199999511241913,0.15199999511241913,0
2018-01-22,0.15000000596046448,0.15000000596046448,0.14900000393390656,0.14900000393390656,14706
2018-01-23,0.15000000596046448,0.15199999511241913,0.15000000596046448,0.1509999930858612,482298
2018-01-24,0.15000000596046448,0.1509999930858612,0.15000000596046448,0.15000000596046448,95191
2018-01-25,0.15199999511241913,0.15199999511241913,0.14800000190734863,0.14900000393390656,488105
2018-01-29,0.14800000190734863,0.14900000393390656,0.1469999998807907,0.14800000190734863,248856
2018-01-30,0.14800000190734863,0.14800000190734863,0.1459999978542328,0.1469999998807907,106600
2018-01-31,0.1469999998807907,0.15199999511241913,0.1469999998807907,0.14900000393390656,711899
2018-02-01,0.15199999511241913,0.16200000047683716,0.15199999511241913,0.15800000727176666,4320393
2018-02-05,0.16599999368190765,0.17000000178813934,0.16500000655651093,0.16599999368190765,6037904
2018-02-06,0.16500000655651093,0.1679999977350235,0.1599999964237213,0.16500000655651093,2244515
2018-02-07,0.16699999570846558,0.16699999570846558,0.16200000047683716,0.164000004529953,1097466
2018-02-08,0.164000004529953,0.164000004529953,0.1599999964237213,0.16099999845027924,585675
2018-02-12,0.1599999964237213,0.16099999845027924,0.1599999964237213,0.1599999964237213,14400
2018-02-13,0.16099999845027924,0.164000004529953,0.16099999845027924,0.16300000250339508,380182
2018-02-14,0.16300000250339508,0.16300000250339508,0.16200000047683716,0.16200000047683716,79545
2018-02-15,0.16200000047683716,0.16300000250339508,0.16200000047683716,0.16200000047683716,125805
2018-02-20,0.1599999964237213,0.1599999964237213,0.15800000727176666,0.1599999964237213,372511
2018-02-21,0.15800000727176666,0.15800000727176666,0.15600000321865082,0.15700000524520874,68651
2018-02-22,0.15199999511241913,0.15600000321865082,0.15199999511241913,0.1550000011920929,101351
2018-02-26,0.1509999930858612,0.1550000011920929,0.1509999930858612,0.15399999916553497,601613
2018-02-27,0.1550000011920929,0.15700000524520874,0.1550000011920929,0.15600000321865082,864883
2018-02-28,0.15600000321865082,0.15800000727176666,0.1550000011920929,0.15600000321865082,281555
2018-03-01,0.15600000321865082,0.15700000524520874,0.1550000011920929,0.1550000011920929,583150
2018-03-05,0.1550000011920929,0.1550000011920929,0.15399999916553497,0.1550000011920929,373810
2018-03-06,0.1550000011920929,0.1550000011920929,0.15399999916553497,0.15399999916553497,145610
2018-03-07,0.15399999916553497,0.1550000011920929,0.1509999930858612,0.15299999713897705,474000
2018-03-08,0.15299999713897705,0.15299999713897705,0.15299999713897705,0.15299999713897705,400
2018-03-12,0.15000000596046448,0.1509999930858612,0.15000000596046448,0.1509999930858612,161571
2018-03-13,0.1509999930858612,0.15700000524520874,0.15000000596046448,0.15399999916553497,1436736
2018-03-14,0.15800000727176666,0.1599999964237213,0.15700000524520874,0.15800000727176666,838913
2018-03-15,0.15800000727176666,0.15800000727176666,0.15199999511241913,0.15299999713897705,379605
2018-03-19,0.15199999511241913,0.15199999511241913,0.1509999930858612,0.1509999930858612,121718
2018-03-20,0.15199999511241913,0.15199999511241913,0.15199999511241913,0.15199999511241913,117300
2018-03-21,0.15000000596046448,0.15299999713897705,0.15000000596046448,0.1509999930858612,235251
2018-03-22,0.15000000596046448,0.1550000011920929,0.15000000596046448,0.15199999511241913,352637
2018-03-26,0.15299999713897705,0.1550000011920929,0.15299999713897705,0.15399999916553497,686583
2018-03-27,0.1550000011920929,0.15600000321865082,0.15399999916553497,0.1550000011920929,703837
2018-03-28,0.15399999916553497,0.15399999916553497,0.15299999713897705,0.15399999916553497,210676
2018-03-29,0.15399999916553497,0.15399999916553497,0.15199999511241913,0.15299999713897705,521943
2018-04-02,0.16599999368190765,0.16599999368190765,0.16099999845027924,0.16300000250339508,980851
2018-04-03,0.16300000250339508,0.16500000655651093,0.15800000727176666,0.16099999845027924,1637959
2018-04-04,0.1589999943971634,0.16200000047683716,0.1589999943971634,0.1599999964237213,725434
2018-04-05,0.1599999964237213,0.16300000250339508,0.1599999964237213,0.16200000047683716,620614
2018-04-09,0.1679999977350235,0.1679999977350235,0.16300000250339508,0.164000004529953,599563
2018-04-10,0.16200000047683716,0.16200000047683716,0.16099999845027924,0.16099999845027924,161550
2018-04-11,0.16200000047683716,0.16200000047683716,0.16200000047683716,0.16200000047683716,71500
2018-04-12,0.1599999964237213,0.1599999964237213,0.15800000727176666,0.1589999943971634,261430
2018-04-16,0.15299999713897705,0.15299999713897705,0.15299999713897705,0.15299999713897705,920654
2018-04-17,0.15199999511241913,0.1550000011920929,0.15199999511241913,0.15299999713897705,772536
2018-04-18,0.15299999713897705,0.15299999713897705,0.15199999511241913,0.15199999511241913,289886
2018-04-19,0.15199999511241913,0.15199999511241913,0.1509999930858612,0.15199999511241913,516181
2018-04-23,0.15299999713897705,0.15299999713897705,0.1509999930858612,0.1509999930858612,76499
2018-04-24,0.1509999930858612,0.1509999930858612,0.14499999582767487,0.14800000190734863,320198
2018-04-25,0.14800000190734863,0.14800000190734863,0.14100000262260437,0.14399999380111694,369200
2018-04-26,0.1459999978542328,0.14900000393390656,0.14499999582767487,0.14800000190734863,618152
2018-04-30,0.1469999998807907,0.15000000596046448,0.1469999998807907,0.14900000393390656,475360
2018-05-01,0.14900000393390656,0.15000000596046448,0.14900000393390656,0.15000000596046448,482076
2018-05-02,0.14900000393390656,0.1509999930858612,0.14900000393390656,0.14900000393390656,430122
2018-05-03,0.15199999511241913,0.15299999713897705,0.15000000596046448,0.15199999511241913,381100
2018-05-07,0.15700000524520874,0.15700000524520874,0.15299999713897705,0.1550000011920929,267977
2018-05-08,0.1509999930858612,0.15299999713897705,0.1509999930858612,0.15199999511241913,18056
2018-05-09,0.1509999930858612,0.15399999916553497,0.1509999930858612,0.15199999511241913,109756
2018-05-10,0.15299999713897705,0.15299999713897705,0.1509999930858612,0.15199999511241913,77299
2018-05-14,0.1550000011920929,0.1550000011920929,0.15199999511241913,0.15299999713897705,22689
2018-05-15,0.15199999511241913,0.15199999511241913,0.15000000596046448,0.1509999930858612,310039
2018-05-16,0.15000000596046448,0.15000000596046448,0.14900000393390656,0.15000000596046448,185308
2018-05-17,0.14900000393390656,0.15000000596046448,0.14800000190734863,0.14900000393390656,170000
2018-05-21,0.14800000190734863,0.15000000596046448,0.14800000190734863,0.14800000190734863,55340
2018-05-22,0.14800000190734863,0.14800000190734863,0.14800000190734863,0.14800000190734863,2000
2018-05-23,0.14800000190734863,0.14900000393390656,0.14800000190734863,0.14800000190734863,19860
2018-05-24,0.14900000393390656,0.15199999511241913,0.14900000393390656,0.1509999930858612,848376
2018-05-29,0.15199999511241913,0.1550000011920929,0.15199999511241913,0.15299999713897705,733446
2018-05-30,0.15399999916553497,0.15399999916553497,0.15199999511241913,0.15199999511241913,185217
2018-05-31,0.15299999713897705,0.15299999713897705,0.1509999930858612,0.15199999511241913,89100
2018-06-04,0.15299999713897705,0.15299999713897705,0.15199999511241913,0.15199999511241913,39659
2018-06-05,0.15199999511241913,0.15199999511241913,0.15000000596046448,0.1509999930858612,13870
2018-06-06,0.15000000596046448,0.15199999511241913,0.15000000596046448,0.1509999930858612,147742
2018-06-07,0.15000000596046448,0.1509999930858612,0.15000000596046448,0.1509999930858612,60000
2018-06-11,0.15000000596046448,0.15000000596046448,0.14900000393390656,0.15000000596046448,269220
2018-06-12,0.14900000393390656,0.1469999998807907,0.14900000393390656,0.14800000190734863,338388
2018-06-13,0.14900000393390656,0.14900000393390656,0.14900000393390656,0.14900000393390656,37000
2018-06-14,0.14900000393390656,0.14900000393390656,0.14900000393390656,0.14900000393390656,0
2018-06-18,0.14900000393390656,0.14900000393390656,0.14900000393390656,0.14900000393390656,0
2018-06-19,0.14900000393390656,0.14900000393390656,0.14499999582767487,0.1459999978542328,159959
2018-06-20,0.14300000667572021,0.14499999582767487,0.14300000667572021,0.14399999380111694,1053897
2018-06-21,0.14499999582767487,0.1459999978542328,0.14399999380111694,0.1459999978542328,3929677
2018-06-25,0.1289999932050705,0.13300000131130219,0.12800000607967377,0.12999999523162842,437244
2018-06-26,0.12999999523162842,0.12999999523162842,0.12800000607967377,0.1289999932050705,201807
2018-06-27,0.12999999523162842,0.13099999725818634,0.1289999932050705,0.12999999523162842,320293
2018-06-28,0.12999999523162842,0.12999999523162842,0.12700000405311584,0.12800000607967377,503339
2018-07-02,0.12800000607967377,0.12800000607967377,0.12700000405311584,0.12700000405311584,143096
2018-07-03,0.12700000405311584,0.12700000405311584,0.12399999797344208,0.125,83570
2018-07-05,0.12399999797344208,0.125,0.12099999934434891,0.12200000137090683,14000
2018-07-09,0.12300000339746475,0.12300000339746475,0.11999999731779099,0.11999999731779099,55100
2018-07-10,0.11800000071525574,0.11800000071525574,0.11699999868869781,0.11800000071525574,59736
2018-07-11,0.11500000208616257,0.11500000208616257,0.11299999803304672,0.11400000005960464,108033
2018-07-12,0.11299999803304672,0.11299999803304672,0.11100000143051147,0.1120000034570694,104824
2018-07-16,0.10599999874830246,0.10599999874830246,0.10400000214576721,0.10499999672174454,22714
2018-07-17,0.10499999672174454,0.10599999874830246,0.10300000011920929,0.10499999672174454,168326
2018-07-18,0.1120000034570694,0.11500000208616257,0.10999999940395355,0.11400000005960464,348659
2018-07-19,0.11599999666213989,0.11999999731779099,0.11500000208616257,0.11800000071525574,369144
2018-07-23,0.1120000034570694,0.1120000034570694,0.1120000034570694,0.1120000034570694,0
2018-07-24,0.1120000034570694,0.1120000034570694,0.1080000028014183,0.10999999940395355,139193
2018-07-25,0.10599999874830246,0.10700000077486038,0.10499999672174454,0.10499999672174454,370323
2018-07-26,0.10499999672174454,0.10499999672174454,0.10400000214576721,0.10400000214576721,176362
2018-07-30,0.10899999737739563,0.10899999737739563,0.10599999874830246,0.10599999874830246,75774
2018-07-31,0.10700000077486038,0.10999999940395355,0.10599999874830246,0.1080000028014183,289349
2018-08-01,0.10599999874830246,0.10599999874830246,0.10400000214576721,0.10499999672174454,337482
2018-08-06,0.10700000077486038,0.11400000005960464,0.10700000077486038,0.10899999737739563,917712
2018-08-07,0.11500000208616257,0.11500000208616257,0.10999999940395355,0.11100000143051147,225113
2018-08-08,0.10999999940395355,0.1120000034570694,0.10999999940395355,0.11100000143051147,150880
2018-08-09,0.11100000143051147,0.11100000143051147,0.10999999940395355,0.10999999940395355,86818
2018-08-13,0.10700000077486038,0.10700000077486038,0.10499999672174454,0.10599999874830246,58400
2018-08-14,0.10599999874830246,0.10700000077486038,0.10499999672174454,0.10599999874830246,195582
2018-08-15,0.10700000077486038,0.10700000077486038,0.10599999874830246,0.10700000077486038,116915
2018-08-16,0.1080000028014183,0.10899999737739563,0.10700000077486038,0.1080000028014183,96530
2018-08-20,0.1080000028014183,0.1080000028014183,0.1080000028014183,0.1080000028014183,0
2018-08-21,0.1080000028014183,0.1080000028014183,0.1080000028014183,0.1080000028014183,0
2018-08-22,0.1080000028014183,0.1080000028014183,0.1080000028014183,0.1080000028014183,0
2018-08-23,0.1080000028014183,0.1080000028014183,0.1080000028014183,0.1080000028014183,0
2018-08-27,0.10700000077486038,0.10700000077486038,0.10599999874830246,0.10700000077486038,55018
2018-08-28,0.10700000077486038,0.1080000028014183,0.10700000077486038,0.1080000028014183,378800
2018-08-29,0.1080000028014183,0.1080000028014183,0.1080000028014183,0.1080000028014183,213638
2018-08-30,0.1080000028014183,0.1080000028014183,0.1080000028014183,0.1080000028014183,110592
2018-09-04,0.11400000005960464,0.11400000005960464,0.11400000005960464,0.11400000005960464,158155
2018-09-05,0.11500000208616257,0.11500000208616257,0.11299999803304672,0.11500000208616257,163328
2018-09-06,0.1120000034570694,0.1120000034570694,0.11100000143051147,0.1120000034570694,77185
2018-09-10,0.11299999803304672,0.11500000208616257,0.11299999803304672,0.11400000005960464,566650
2018-09-11,0.11400000005960464,0.11400000005960464,0.11400000005960464,0.11400000005960464,0
2018-09-12,0.11500000208616257,0.12200000137090683,0.11400000005960464,0.11800000071525574,1050940
2018-09-13,0.12399999797344208,0.12399999797344208,0.11999999731779099,0.12300000339746475,621515
2018-09-17,0.11599999666213989,0.11900000274181366,0.11599999666213989,0.11699999868869781,33881
2018-09-18,0.11900000274181366,0.11900000274181366,0.11699999868869781,0.11699999868869781,7704
2018-09-19,0.11800000071525574,0.11800000071525574,0.11699999868869781,0.11699999868869781,21405
2018-09-20,0.11800000071525574,0.11900000274181366,0.11800000071525574,0.11800000071525574,167378
2018-09-24,0.11599999666213989,0.11699999868869781,0.11599999666213989,0.11599999666213989,61988
2018-09-25,0.11699999868869781,0.11699999868869781,0.11599999666213989,0.11699999868869781,49640
2018-09-26,0.11800000071525574,0.11900000274181366,0.11699999868869781,0.11800000071525574,101450
2018-09-27,0.11900000274181366,0.11999999731779099,0.11699999868869781,0.11800000071525574,382350
2018-10-01,0.11599999666213989,0.11599999666213989,0.11500000208616257,0.11500000208616257,342976
2018-10-02,0.11699999868869781,0.11800000071525574,0.11500000208616257,0.11599999666213989,392374
2018-10-03,0.11500000208616257,0.11500000208616257,0.11500000208616257,0.11500000208616257,48200
2018-10-04,0.11400000005960464,0.11500000208616257,0.11400000005960464,0.11500000208616257,267714
2018-10-08,0.1120000034570694,0.11299999803304672,0.1120000034570694,0.11299999803304672,168369
2018-10-09,0.11299999803304672,0.11299999803304672,0.11299999803304672,0.11299999803304672,25000
2018-10-10,0.11100000143051147,0.11100000143051147,0.10999999940395355,0.10999999940395355,130339
2018-10-11,0.1080000028014183,0.1080000028014183,0.10700000077486038,0.1080000028014183,60000
2018-10-15,0.1080000028014183,0.1080000028014183,0.10199999809265137,0.10499999672174454,141545
2018-10-16,0.10499999672174454,0.10499999672174454,0.10300000011920929,0.10400000214576721,163328
2018-10-17,0.10400000214576721,0.10499999672174454,0.10300000011920929,0.10300000011920929,168260
2018-10-18,0.10300000011920929,0.10400000214576721,0.10199999809265137,0.10300000011920929,24000
2018-10-22,0.10300000011920929,0.10400000214576721,0.10300000011920929,0.10300000011920929,145819
2018-10-24,0.10400000214576721,0.10400000214576721,0.10400000214576721,0.10400000214576721,10000
2018-10-25,0.10400000214576721,0.10400000214576721,0.10400000214576721,0.10400000214576721,183955
2018-10-29,0.10300000011920929,0.10300000011920929,0.10300000011920929,0.10300000011920929,0
2018-10-30,0.10300000011920929,0.10300000011920929,0.10000000149011612,0.10100000351667404,349012
2018-10-31,0.10100000351667404,0.10199999809265137,0.10100000351667404,0.10100000351667404,530892
2018-11-01,0.10100000351667404,0.10300000011920929,0.10100000351667404,0.10199999809265137,217365
2018-11-05,0.10300000011920929,0.10400000214576721,0.10300000011920929,0.10300000011920929,80700
2018-11-06,0.10300000011920929,0.10300000011920929,0.10199999809265137,0.10300000011920929,2400
2018-11-07,0.10300000011920929,0.10400000214576721,0.10300000011920929,0.10300000011920929,97763
2018-11-08,0.10400000214576721,0.10400000214576721,0.10300000011920929,0.10300000011920929,423909
2018-11-12,0.10400000214576721,0.10400000214576721,0.10300000011920929,0.10300000011920929,263316
2018-11-13,0.10300000011920929,0.10300000011920929,0.10199999809265137,0.10300000011920929,149477
2018-11-14,0.10199999809265137,0.10199999809265137,0.10000000149011612,0.10100000351667404,259527
2018-11-15,0.10100000351667404,0.10100000351667404,0.10000000149011612,0.10000000149011612,339955
2018-11-19,0.10000000149011612,0.10100000351667404,0.10000000149011612,0.10000000149011612,181764
2018-11-20,0.10000000149011612,0.10000000149011612,0.10000000149011612,0.10000000149011612,0
2018-11-21,0.10000000149011612,0.10000000149011612,0.10000000149011612,0.10000000149011612,0
2018-11-26,0.0989999994635582,0.0989999994635582,0.09000000357627869,0.09200000017881393,130100
2018-11-27,0.09399999678134918,0.09700000286102295,0.09399999678134918,0.09600000083446503,339441
2018-11-28,0.09700000286102295,0.10100000351667404,0.09700000286102295,0.0989999994635582,74594
2018-11-29,0.10000000149011612,0.10000000149011612,0.09600000083446503,0.0989999994635582,34597
2018-12-03,0.10100000351667404,0.10199999809265137,0.10100000351667404,0.10199999809265137,218360
2018-12-04,0.10300000011920929,0.10700000077486038,0.10199999809265137,0.10499999672174454,537490
2018-12-06,0.10199999809265137,0.10199999809265137,0.10000000149011612,0.10000000149011612,70000
2018-12-10,0.10000000149011612,0.10000000149011612,0.10000000149011612,0.10000000149011612,59965
2018-12-11,0.10000000149011612,0.10100000351667404,0.10000000149011612,0.10000000149011612,65000
2018-12-12,0.10000000149011612,0.10000000149011612,0.10000000149011612,0.10000000149011612,160804
2018-12-13,0.10000000149011612,0.10100000351667404,0.10000000149011612,0.10100000351667404,173696
2018-12-17,0.10000000149011612,0.10000000149011612,0.10000000149011612,0.10000000149011612,5000
2018-12-18,0.10000000149011612,0.10000000149011612,0.0989999994635582,0.10000000149011612,22000
2018-12-19,0.09799999743700027,0.09799999743700027,0.09700000286102295,0.09700000286102295,99087
2018-12-20,0.09799999743700027,0.09799999743700027,0.09700000286102295,0.09700000286102295,3850
2018-12-24,0.09600000083446503,0.09600000083446503,0.09600000083446503,0.09600000083446503,0
2018-12-26,0.09700000286102295,0.10000000149011612,0.09700000286102295,0.09799999743700027,583000
2018-12-27,0.10000000149011612,0.10000000149011612,0.09799999743700027,0.10000000149011612,122103
2018-12-31,0.09600000083446503,0.09600000083446503,0.09600000083446503,0.09600000083446503,21100
2019-01-02,0.0989999994635582,0.0989999994635582,0.0989999994635582,0.0989999994635582,49800
2019-01-03,0.09799999743700027,0.09799999743700027,0.09799999743700027,0.09799999743700027,15000
2019-01-07,0.0989999994635582,0.10000000149011612,0.09700000286102295,0.09799999743700027,95659
2019-01-08,0.09799999743700027,0.09799999743700027,0.09799999743700027,0.09799999743700027,0
2019-01-09,0.09799999743700027,0.09799999743700027,0.09799999743700027,0.09799999743700027,0
2019-01-10,0.09799999743700027,0.09799999743700027,0.09600000083446503,0.09700000286102295,49000
2019-01-14,0.09600000083446503,0.09600000083446503,0.09600000083446503,0.09600000083446503,58718
2019-01-15,0.09399999678134918,0.09399999678134918,0.09000000357627869,0.09200000017881393,299428
2019-01-16,0.09000000357627869,0.09200000017881393,0.09000000357627869,0.09000000357627869,1522452
2019-01-17,0.09099999815225601,0.09099999815225601,0.09000000357627869,0.09000000357627869,762824
2019-01-22,0.08799999952316284,0.08799999952316284,0.08799999952316284,0.08799999952316284,50000
2019-01-23,0.08799999952316284,0.08799999952316284,0.08799999952316284,0.08799999952316284,50000
2019-01-24,0.08900000154972076,0.09200000017881393,0.08900000154972076,0.09000000357627869,386996
2019-01-28,0.09000000357627869,0.09000000357627869,0.09000000357627869,0.09000000357627869,400000
2019-01-29,0.09099999815225601,0.09200000017881393,0.09000000357627869,0.09000000357627869,587482
2019-01-30,0.09099999815225601,0.09200000017881393,0.09000000357627869,0.09000000357627869,161400
2019-01-31,0.09000000357627869,0.09000000357627869,0.08699999749660492,0.08799999952316284,1860686
2019-02-04,0.08900000154972076,0.08900000154972076,0.08799999952316284,0.08900000154972076,9269
2019-02-05,0.08799999952316284,0.08799999952316284,0.08799999952316284,0.08799999952316284,2199284
2019-02-06,0.08799999952316284,0.08799999952316284,0.0860000029206276,0.08699999749660492,184716
2019-02-07,0.0860000029206276,0.08699999749660492,0.0860000029206276,0.08699999749660492,2136000
2019-02-11,0.08699999749660492,0.08699999749660492,0.0860000029206276,0.08699999749660492,123000
2019-02-12,0.08699999749660492,0.08699999749660492,0.0860000029206276,0.0860000029206276,42000
2019-02-13,0.0860000029206276,0.08699999749660492,0.08500000089406967,0.08500000089406967,459294
2019-02-14,0.08500000089406967,0.08900000154972076,0.08500000089406967,0.08699999749660492,1681006
2019-02-19,0.08799999952316284,0.09000000357627869,0.08799999952316284,0.08900000154972076,190000
2019-02-20,0.08900000154972076,0.09000000357627869,0.08900000154972076,0.08900000154972076,484900
2019-02-21,0.08900000154972076,0.08900000154972076,0.08900000154972076,0.08900000154972076,352862
2019-02-25,0.09000000357627869,0.09200000017881393,0.09000000357627869,0.09099999815225601,1353025
2019-02-26,0.09000000357627869,0.09000000357627869,0.08900000154972076,0.09000000357627869,1080780
2019-02-27,0.08900000154972076,0.09300000220537186,0.08900000154972076,0.09099999815225601,1535152
2019-02-28,0.09300000220537186,0.09399999678134918,0.09099999815225601,0.09300000220537186,441057
2019-03-04,0.09300000220537186,0.09399999678134918,0.09200000017881393,0.09200000017881393,30115
2019-03-05,0.09099999815225601,0.09099999815225601,0.09000000357627869,0.09000000357627869,242951
2019-03-06,0.09000000357627869,0.09000000357627869,0.08900000154972076,0.09000000357627869,218193
2019-03-07,0.09000000357627869,0.09000000357627869,0.08799999952316284,0.09000000357627869,108447
2019-03-11,0.08900000154972076,0.08900000154972076,0.08900000154972076,0.08900000154972076,41909
2019-03-12,0.08900000154972076,0.08900000154972076,0.08799999952316284,0.08799999952316284,47374
2019-03-13,0.08699999749660492,0.08799999952316284,0.08699999749660492,0.08799999952316284,90700
2019-03-14,0.08799999952316284,0.08799999952316284,0.08799999952316284,0.08799999952316284,6000
2019-03-18,0.08699999749660492,0.08900000154972076,0.0860000029206276,0.08900000154972076,183818
2019-03-19,0.08799999952316284,0.08900000154972076,0.08799999952316284,0.08799999952316284,116200
2019-03-20,0.08799999952316284,0.08799999952316284,0.0860000029206276,0.08699999749660492,302000
2019-03-21,0.08699999749660492,0.08699999749660492,0.08699999749660492,0.08699999749660492,164000
2019-03-25,0.08699999749660492,0.08799999952316284,0.08699999749660492,0.08699999749660492,172726
2019-03-26,0.08699999749660492,0.08699999749660492,0.08699999749660492,0.08699999749660492,10000
2019-03-27,0.08900000154972076,0.09000000357627869,0.08900000154972076,0.08900000154972076,185869
2019-03-28,0.08900000154972076,0.08900000154972076,0.08900000154972076,0.08900000154972076,534988
2019-04-01,0.09200000017881393,0.09200000017881393,0.09099999815225601,0.09099999815225601,296000
2019-04-02,0.09200000017881393,0.09200000017881393,0.09099999815225601,0.09099999815225601,434340
2019-04-03,0.09099999815225601,0.09099999815225601,0.09099999815225601,0.09099999815225601,0
2019-04-04,0.09099999815225601,0.09099999815225601,0.09099999815225601,0.09099999815225601,0
2019-04-08,0.09200000017881393,0.09200000017881393,0.09099999815225601,0.09099999815225601,117358
2019-04-09,0.09099999815225601,0.09099999815225601,0.09000000357627869,0.09000000357627869,370882
2019-04-10,0.09099999815225601,0.09300000220537186,0.09099999815225601,0.09200000017881393,284992
2019-04-11,0.09200000017881393,0.09200000017881393,0.09200000017881393,0.09200000017881393,0
2019-04-15,0.09799999743700027,0.09799999743700027,0.09099999815225601,0.09300000220537186,526258
2019-04-16,0.09300000220537186,0.09300000220537186,0.09300000220537186,0.09300000220537186,160400
2019-04-17,0.09200000017881393,0.09399999678134918,0.09200000017881393,0.09300000220537186,343090
2019-04-18,0.09300000220537186,0.09300000220537186,0.09099999815225601,0.09200000017881393,168968
2019-04-22,0.09099999815225601,0.09099999815225601,0.09000000357627869,0.09099999815225601,88351
2019-04-23,0.09099999815225601,0.09099999815225601,0.09099999815225601,0.09099999815225601,50000
2019-04-24,0.09000000357627869,0.09000000357627869,0.08900000154972076,0.09000000357627869,41000
2019-04-25,0.09000000357627869,0.09000000357627869,0.08900000154972076,0.09000000357627869,64772
2019-04-29,0.08900000154972076,0.08900000154972076,0.08900000154972076,0.08900000154972076,29601
2019-04-30,0.08900000154972076,0.09099999815225601,0.08900000154972076,0.09000000357627869,180229
2019-05-01,0.09000000357627869,0.09300000220537186,0.09000000357627869,0.09099999815225601,267636
2019-05-02,0.09099999815225601,0.09399999678134918,0.09099999815225601,0.09200000017881393,1172192
2019-05-06,0.09600000083446503,0.09700000286102295,0.09399999678134918,0.0949999988079071,2807913
2019-05-07,0.09700000286102295,0.09700000286102295,0.0949999988079071,0.09700000286102295,1464200
2019-05-08,0.0949999988079071,0.09700000286102295,0.0949999988079071,0.09600000083446503,1241069
2019-05-09,0.10000000149011612,0.10300000011920929,0.09799999743700027,0.10000000149011612,7134892
2019-05-13,0.09799999743700027,0.09799999743700027,0.0949999988079071,0.09600000083446503,472985
2019-05-14,0.09700000286102295,0.0989999994635582,0.09600000083446503,0.09700000286102295,698843
2019-05-15,0.0989999994635582,0.0989999994635582,0.09600000083446503,0.09700000286102295,2136542
2019-05-16,0.09799999743700027,0.09799999743700027,0.09700000286102295,0.09700000286102295,422793
2019-05-20,0.09600000083446503,0.09600000083446503,0.0949999988079071,0.09600000083446503,207600
2019-05-21,0.09600000083446503,0.09600000083446503,0.0949999988079071,0.09600000083446503,243254
2019-05-22,0.09600000083446503,0.09799999743700027,0.09600000083446503,0.09799999743700027,1023286
2019-05-23,0.09700000286102295,0.09799999743700027,0.09700000286102295,0.09700000286102295,410165
2019-05-28,0.09799999743700027,0.0989999994635582,0.09799999743700027,0.09799999743700027,861042
2019-05-29,0.09700000286102295,0.10000000149011612,0.09700000286102295,0.0989999994635582,1762794
2019-05-30,0.09799999743700027,0.10000000149011612,0.09799999743700027,0.0989999994635582,1685962
2019-06-03,0.09300000220537186,0.09300000220537186,0.09000000357627869,0.09000000357627869,232075
2019-06-04,0.09000000357627869,0.09000000357627869,0.09000000357627869,0.09000000357627869,0
2019-06-05,0.09000000357627869,0.09000000357627869,0.09000000357627869,0.09000000357627869,0
2019-06-06,0.09000000357627869,0.09000000357627869,0.09000000357627869,0.09000000357627869,0
2019-06-10,0.08799999952316284,0.08900000154972076,0.08799999952316284,0.08900000154972076,147265
2019-06-11,0.09000000357627869,0.09000000357627869,0.09000000357627869,0.09000000357627869,368661
2019-06-12,0.09000000357627869,0.09099999815225601,0.09000000357627869,0.09000000357627869,319561
2019-06-13,0.08900000154972076,0.08900000154972076,0.08900000154972076,0.09000000357627869,2000
2019-06-17,0.09000000357627869,0.09099999815225601,0.09000000357627869,0.09000000357627869,79689
2019-06-18,0.09000000357627869,0.09000000357627869,0.09000000357627869,0.09000000357627869,354816
2019-06-19,0.09200000017881393,0.09600000083446503,0.09200000017881393,0.09399999678134918,833713
2019-06-20,0.09600000083446503,0.10000000149011612,0.09600000083446503,0.0989999994635582,4031518
2019-06-24,0.09700000286102295,0.09799999743700027,0.09700000286102295,0.09700000286102295,21684
2019-06-25,0.09600000083446503,0.09600000083446503,0.09300000220537186,0.0949999988079071,528006
2019-06-26,0.0949999988079071,0.09600000083446503,0.0949999988079071,0.0949999988079071,1948800
2019-06-27,0.09700000286102295,0.09700000286102295,0.09600000083446503,0.09600000083446503,1775870
2019-07-01,0.09700000286102295,0.0989999994635582,0.09700000286102295,0.09799999743700027,307979
2019-07-02,0.09700000286102295,0.09799999743700027,0.09700000286102295,0.09700000286102295,77286
2019-07-03,0.09700000286102295,0.09700000286102295,0.09700000286102295,0.09700000286102295,1316412
2019-07-08,0.09600000083446503,0.09600000083446503,0.09600000083446503,0.09600000083446503,0
2019-07-09,0.09600000083446503,0.09799999743700027,0.09600000083446503,0.09700000286102295,2716800
2019-07-10,0.09799999743700027,0.10000000149011612,0.09799999743700027,0.09799999743700027,430208
2019-07-11,0.0989999994635582,0.10100000351667404,0.09799999743700027,0.10000000149011612,2586197
2019-07-15,0.10000000149011612,0.10000000149011612,0.10000000149011612,0.10000000149011612,5000000
2019-07-16,0.0989999994635582,0.0989999994635582,0.09600000083446503,0.0989999994635582,434513
2019-07-17,0.09700000286102295,0.09700000286102295,0.0949999988079071,0.0949999988079071,1262113
2019-07-18,0.0949999988079071,0.09700000286102295,0.0949999988079071,0.0949999988079071,1055322
2019-07-22,0.09600000083446503,0.09700000286102295,0.0949999988079071,0.09600000083446503,249271
2019-07-23,0.09600000083446503,0.09600000083446503,0.09600000083446503,0.09600000083446503,0
2019-07-24,0.0949999988079071,0.0949999988079071,0.09399999678134918,0.0949999988079071,340300
2019-07-25,0.09399999678134918,0.09399999678134918,0.09200000017881393,0.09200000017881393,751550
2019-07-29,0.09000000357627869,0.09200000017881393,0.09000000357627869,0.09000000357627869,1576387
2019-07-30,0.09300000220537186,0.0949999988079071,0.09300000220537186,0.09300000220537186,2960650
2019-07-31,0.09399999678134918,0.09399999678134918,0.09200000017881393,0.09300000220537186,68350
2019-08-01,0.09200000017881393,0.09200000017881393,0.09000000357627869,0.09099999815225601,715700
2019-08-05,0.08900000154972076,0.08900000154972076,0.08799999952316284,0.08799999952316284,621830
2019-08-06,0.08900000154972076,0.09000000357627869,0.08900000154972076,0.08900000154972076,526820
2019-08-07,0.09000000357627869,0.09099999815225601,0.08900000154972076,0.09000000357627869,644771
2019-08-08,0.09099999815225601,0.09099999815225601,0.09000000357627869,0.09099999815225601,148000
2019-08-12,0.09099999815225601,0.09099999815225601,0.09099999815225601,0.09099999815225601,0
2019-08-13,0.09099999815225601,0.09099999815225601,0.09099999815225601,0.09099999815225601,0
2019-08-14,0.09099999815225601,0.09099999815225601,0.09099999815225601,0.09099999815225601,0
2019-08-15,0.09099999815225601,0.09099999815225601,0.09099999815225601,0.09099999815225601,0
2019-08-19,0.09099999815225601,0.09200000017881393,0.09099999815225601,0.09099999815225601,199473
2019-08-20,0.09000000357627869,0.09099999815225601,0.09000000357627869,0.09000000357627869,219468
2019-08-21,0.09200000017881393,0.09200000017881393,0.09000000357627869,0.09099999815225601,29142
2019-08-22,0.09099999815225601,0.09099999815225601,0.09000000357627869,0.09099999815225601,285079
2019-08-26,0.08900000154972076,0.08900000154972076,0.08799999952316284,0.08900000154972076,211000
2019-08-27,0.08900000154972076,0.08900000154972076,0.08900000154972076,0.08900000154972076,178313
2019-08-28,0.08900000154972076,0.08900000154972076,0.08799999952316284,0.08900000154972076,395453
2019-08-29,0.08900000154972076,0.08900000154972076,0.08799999952316284,0.08900000154972076,275238
2019-09-03,0.09000000357627869,0.09000000357627869,0.08900000154972076,0.08900000154972076,43400
2019-09-04,0.08900000154972076,0.08900000154972076,0.08900000154972076,0.08900000154972076,50400
2019-09-05,0.08900000154972076,0.08900000154972076,0.08900000154972076,0.08900000154972076,288297
2019-09-09,0.08900000154972076,0.09000000357627869,0.08900000154972076,0.08900000154972076,451994
2019-09-10,0.08900000154972076,0.08900000154972076,0.08900000154972076,0.08900000154972076,96400
2019-09-11,0.08900000154972076,0.09099999815225601,0.08900000154972076,0.09000000357627869,708508
2019-09-12,0.09099999815225601,0.09099999815225601,0.09000000357627869,0.09000000357627869,268292
2019-09-16,0.08900000154972076,0.09000000357627869,0.08900000154972076,0.08900000154972076,93289
2019-09-17,0.09000000357627869,0.09000000357627869,0.08900000154972076,0.09000000357627869,77160
2019-09-18,0.08900000154972076,0.08900000154972076,0.08799999952316284,0.08900000154972076,225010
2019-09-19,0.08900000154972076,0.08900000154972076,0.08799999952316284,0.08799999952316284,75224
2019-09-23,0.08799999952316284,0.08799999952316284,0.08799999952316284,0.08799999952316284,11962
2019-09-24,0.08799999952316284,0.08799999952316284,0.08799999952316284,0.08799999952316284,0
2019-09-25,0.08799999952316284,0.08799999952316284,0.08799999952316284,0.08799999952316284,26320
2019-09-26,0.08799999952316284,0.08799999952316284,0.08799999952316284,0.08799999952316284,187137
2019-09-30,0.08699999749660492,0.08799999952316284,0.08699999749660492,0.08699999749660492,78120
2019-10-01,0.08900000154972076,0.09000000357627869,0.08900000154972076,0.08900000154972076,148533
2019-10-02,0.08900000154972076,0.08900000154972076,0.08900000154972076,0.08900000154972076,14100
2019-10-03,0.08900000154972076,0.08900000154972076,0.08900000154972076,0.08900000154972076,20000
2019-10-07,0.08900000154972076,0.09000000357627869,0.08900000154972076,0.08900000154972076,206598
2019-10-08,0.08900000154972076,0.08900000154972076,0.08900000154972076,0.08900000154972076,44650
2019-10-09,0.09000000357627869,0.09000000357627869,0.09000000357627869,0.08900000154972076,1000
2019-10-10,0.08900000154972076,0.08900000154972076,0.08900000154972076,0.08900000154972076,25932
2019-10-14,0.08799999952316284,0.08900000154972076,0.08799999952316284,0.08799999952316284,63976
2019-10-15,0.08699999749660492,0.08699999749660492,0.0860000029206276,0.08699999749660492,196518
2019-10-16,0.08699999749660492,0.08699999749660492,0.08699999749660492,0.08699999749660492,25000
2019-10-17,0.08699999749660492,0.08699999749660492,0.08699999749660492,0.08699999749660492,0
2019-10-21,0.08699999749660492,0.08699999749660492,0.08699999749660492,0.08699999749660492,0
2019-10-22,0.08699999749660492,0.08699999749660492,0.08699999749660492,0.08699999749660492,72000
2019-10-23,0.0860000029206276,0.0860000029206276,0.0860000029206276,0.0860000029206276,10000
2019-10-24,0.08500000089406967,0.08500000089406967,0.08500000089406967,0.08500000089406967,66802
2019-10-28,0.08500000089406967,0.0860000029206276,0.08500000089406967,0.0860000029206276,55000
2019-10-29,0.0860000029206276,0.0860000029206276,0.0860000029206276,0.0860000029206276,37000
2019-10-30,0.08500000089406967,0.08500000089406967,0.08500000089406967,0.08500000089406967,132500
2019-10-31,0.08399999886751175,0.08399999886751175,0.08399999886751175,0.08399999886751175,11184
2019-11-04,0.0860000029206276,0.08699999749660492,0.08399999886751175,0.0860000029206276,464939
2019-11-05,0.08699999749660492,0.08900000154972076,0.08699999749660492,0.08799999952316284,370540
2019-11-06,0.08699999749660492,0.08699999749660492,0.08699999749660492,0.08699999749660492,22000
2019-11-07,0.08699999749660492,0.08699999749660492,0.0860000029206276,0.0860000029206276,382292
2019-11-11,0.0860000029206276,0.0860000029206276,0.0860000029206276,0.0860000029206276,83184
2019-11-12,0.0860000029206276,0.0860000029206276,0.0860000029206276,0.0860000029206276,15850
2019-11-13,0.0860000029206276,0.0860000029206276,0.08500000089406967,0.0860000029206276,104850
2019-11-14,0.0860000029206276,0.0860000029206276,0.0860000029206276,0.0860000029206276,28989
2019-11-18,0.08699999749660492,0.08699999749660492,0.08699999749660492,0.08699999749660492,149932
2019-11-19,0.0860000029206276,0.0860000029206276,0.0860000029206276,0.0860000029206276,34000
2019-11-20,0.08699999749660492,0.08699999749660492,0.08699999749660492,0.08699999749660492,848311
2019-11-21,0.08699999749660492,0.08699999749660492,0.08699999749660492,0.08699999749660492,283745
2019-11-25,0.0860000029206276,0.0860000029206276,0.0860000029206276,0.0860000029206276,34000
2019-11-26,0.0860000029206276,0.0860000029206276,0.0860000029206276,0.0860000029206276,99100
2019-11-27,0.0860000029206276,0.0860000029206276,0.0860000029206276,0.0860000029206276,0
2019-12-02,0.08699999749660492,0.08900000154972076,0.08699999749660492,0.08799999952316284,687274
2019-12-03,0.08900000154972076,0.08900000154972076,0.08799999952316284,0.08799999952316284,140815
2019-12-04,0.08799999952316284,0.08799999952316284,0.08799999952316284,0.08799999952316284,98269
2019-12-05,0.08699999749660492,0.08799999952316284,0.0860000029206276,0.08699999749660492,40950
2019-12-09,0.0860000029206276,0.0860000029206276,0.0860000029206276,0.0860000029206276,40050
2019-12-10,0.08500000089406967,0.08500000089406967,0.08500000089406967,0.08500000089406967,150128
2019-12-11,0.08500000089406967,0.08500000089406967,0.08500000089406967,0.08500000089406967,0
2019-12-12,0.0860000029206276,0.0860000029206276,0.0860000029206276,0.0860000029206276,141930
2019-12-16,0.0860000029206276,0.0860000029206276,0.0820000022649765,0.08399999886751175,71538
2019-12-17,0.0820000022649765,0.08500000089406967,0.0820000022649765,0.08500000089406967,22166
2019-12-18,0.08500000089406967,0.08500000089406967,0.08500000089406967,0.08500000089406967,0
2019-12-19,0.0820000022649765,0.08299999684095383,0.0820000022649765,0.0820000022649765,27000
2019-12-23,0.0820000022649765,0.0820000022649765,0.07900000363588333,0.07999999821186066,10385
2019-12-24,0.07900000363588333,0.07900000363588333,0.07800000160932541,0.07800000160932541,28837
2019-12-26,0.07599999755620956,0.07900000363588333,0.07599999755620956,0.07800000160932541,322779
2019-12-30,0.08299999684095383,0.08500000089406967,0.0820000022649765,0.08299999684095383,465533
2019-12-31,0.08299999684095383,0.08299999684095383,0.08100000023841858,0.0820000022649765,163940
2020-01-02,0.08900000154972076,0.09000000357627869,0.0860000029206276,0.08799999952316284,273475
2020-01-06,0.0820000022649765,0.0820000022649765,0.0820000022649765,0.0820000022649765,10132
2020-01-07,0.08299999684095383,0.08299999684095383,0.08299999684095383,0.08299999684095383,117858
2020-01-08,0.0820000022649765,0.0820000022649765,0.0820000022649765,0.0820000022649765,146030
2020-01-09,0.08399999886751175,0.0860000029206276,0.08299999684095383,0.08399999886751175,461090
2020-01-13,0.08399999886751175,0.08399999886751175,0.08399999886751175,0.08399999886751175,0
2020-01-14,0.08399999886751175,0.08399999886751175,0.08399999886751175,0.08399999886751175,0
2020-01-15,0.0860000029206276,0.08900000154972076,0.0860000029206276,0.08699999749660492,1059328
2020-01-16,0.08699999749660492,0.08699999749660492,0.08500000089406967,0.0860000029206276,619211
2020-01-21,0.0860000029206276,0.0860000029206276,0.0860000029206276,0.0860000029206276,547830
2020-01-22,0.08500000089406967,0.08500000089406967,0.08500000089406967,0.08500000089406967,302017
2020-01-23,0.0860000029206276,0.0860000029206276,0.08500000089406967,0.0860000029206276,747356
2020-01-27,0.08500000089406967,0.0860000029206276,0.08399999886751175,0.08399999886751175,229499
2020-01-28,0.08500000089406967,0.08500000089406967,0.08399999886751175,0.08500000089406967,160344
2020-01-29,0.08399999886751175,0.08399999886751175,0.08399999886751175,0.08399999886751175,62452
2020-01-30,0.08299999684095383,0.08399999886751175,0.08299999684095383,0.08299999684095383,1031474
2020-02-03,0.08399999886751175,0.08500000089406967,0.08399999886751175,0.08399999886751175,128273
2020-02-04,0.08500000089406967,0.08500000089406967,0.08399999886751175,0.08399999886751175,201361
2020-02-05,0.08500000089406967,0.08500000089406967,0.08299999684095383,0.08399999886751175,258017
2020-02-06,0.08399999886751175,0.08399999886751175,0.08299999684095383,0.08399999886751175,270726
2020-02-10,0.08500000089406967,0.08699999749660492,0.08500000089406967,0.0860000029206276,262369
2020-02-11,0.08699999749660492,0.08699999749660492,0.0860000029206276,0.0860000029206276,191151
2020-02-12,0.0860000029206276,0.0860000029206276,0.08399999886751175,0.08500000089406967,339619
2020-02-13,0.08500000089406967,0.08500000089406967,0.08500000089406967,0.08500000089406967,193097
2020-02-18,0.08500000089406967,0.08500000089406967,0.08399999886751175,0.08500000089406967,346519
2020-02-19,0.08500000089406967,0.08500000089406967,0.08500000089406967,0.08500000089406967,613380
2020-02-20,0.08500000089406967,0.08500000089406967,0.08500000089406967,0.08500000089406967,323124
2020-02-24,0.08299999684095383,0.08399999886751175,0.0820000022649765,0.08299999684095383,293927
2020-02-25,0.08100000023841858,0.08100000023841858,0.08100000023841858,0.08100000023841858,3827115
2020-02-26,0.08100000023841858,0.08100000023841858,0.08100000023841858,0.08100000023841858,991059
2020-02-27,0.07999999821186066,0.08100000023841858,0.07999999821186066,0.07999999821186066,228369
2020-03-02,0.07900000363588333,0.07999999821186066,0.07900000363588333,0.07999999821186066,211000
2020-03-03,0.07999999821186066,0.08100000023841858,0.07999999821186066,0.08100000023841858,716197
2020-03-04,0.07999999821186066,0.07999999821186066,0.07900000363588333,0.07999999821186066,226500
2020-03-05,0.07999999821186066,0.07999999821186066,0.07900000363588333,0.07900000363588333,123460
2020-03-09,0.07000000029802322,0.07000000029802322,0.06800000369548798,0.06800000369548798,827708
2020-03-10,0.07199999690055847,0.0729999989271164,0.07000000029802322,0.07100000232458115,480354
2020-03-11,0.0729999989271164,0.07400000095367432,0.07100000232458115,0.07199999690055847,787187
2020-03-12,0.06599999964237213,0.07000000029802322,0.06599999964237213,0.06800000369548798,236516
2020-03-16,0.06599999964237213,0.06599999964237213,0.06199999898672104,0.06300000101327896,273025
2020-03-17,0.06599999964237213,0.06599999964237213,0.06400000303983688,0.06400000303983688,22135
2020-03-18,0.06499999761581421,0.06499999761581421,0.05999999865889549,0.06199999898672104,209870
2020-03-19,0.05999999865889549,0.06300000101327896,0.05999999865889549,0.05999999865889549,546600
2020-03-23,0.06300000101327896,0.06300000101327896,0.05999999865889549,0.061000000685453415,238821
2020-03-24,0.061000000685453415,0.06199999898672104,0.061000000685453415,0.061000000685453415,405495
2020-03-25,0.06199999898672104,0.06300000101327896,0.06199999898672104,0.06300000101327896,97000
2020-03-26,0.06400000303983688,0.06599999964237213,0.06400000303983688,0.06499999761581421,271927
2020-03-30,0.06499999761581421,0.06499999761581421,0.06300000101327896,0.06400000303983688,370821
2020-03-31,0.06400000303983688,0.06700000166893005,0.06300000101327896,0.06599999964237213,1174503
2020-04-01,0.06599999964237213,0.06700000166893005,0.06599999964237213,0.06700000166893005,75200
2020-04-02,0.06599999964237213,0.06599999964237213,0.06599999964237213,0.06700000166893005,4400
2020-04-06,0.07199999690055847,0.0729999989271164,0.07100000232458115,0.07199999690055847,538040
2020-04-07,0.0729999989271164,0.07900000363588333,0.0729999989271164,0.07599999755620956,1944200
2020-04-08,0.07699999958276749,0.07800000160932541,0.07500000298023224,0.07699999958276749,555156
2020-04-09,0.07699999958276749,0.07699999958276749,0.07599999755620956,0.07599999755620956,356095
2020-04-13,0.07800000160932541,0.08100000023841858,0.07800000160932541,0.07900000363588333,2070296
2020-04-14,0.07999999821186066,0.08100000023841858,0.07800000160932541,0.07900000363588333,337785
2020-04-15,0.07199999690055847,0.07599999755620956,0.07199999690055847,0.07400000095367432,1679620
2020-04-16,0.07400000095367432,0.07400000095367432,0.07100000232458115,0.07100000232458115,229627
2020-04-20,0.07100000232458115,0.07100000232458115,0.07100000232458115,0.07100000232458115,0
2020-04-21,0.07199999690055847,0.07199999690055847,0.07000000029802322,0.07100000232458115,241411
2020-04-22,0.07100000232458115,0.0729999989271164,0.07000000029802322,0.07100000232458115,314674
2020-04-23,0.0729999989271164,0.0729999989271164,0.0729999989271164,0.0729999989271164,93904
2020-04-27,0.07400000095367432,0.07400000095367432,0.0729999989271164,0.07400000095367432,423377
2020-04-28,0.0729999989271164,0.0729999989271164,0.07199999690055847,0.07199999690055847,385055
2020-04-29,0.0729999989271164,0.07400000095367432,0.0729999989271164,0.0729999989271164,565301
2020-04-30,0.07400000095367432,0.07400000095367432,0.07199999690055847,0.07199999690055847,606510
2020-05-04,0.07199999690055847,0.07199999690055847,0.07199999690055847,0.07199999690055847,188000
2020-05-05,0.07199999690055847,0.07199999690055847,0.07100000232458115,0.07199999690055847,103730
2020-05-06,0.07199999690055847,0.07199999690055847,0.07199999690055847,0.07199999690055847,67900
2020-05-07,0.07100000232458115,0.07199999690055847,0.07100000232458115,0.07100000232458115,546048
2020-05-11,0.07199999690055847,0.07199999690055847,0.07199999690055847,0.07199999690055847,0
2020-05-12,0.07000000029802322,0.07000000029802322,0.07000000029802322,0.07000000029802322,93717
2020-05-13,0.0689999982714653,0.07000000029802322,0.0689999982714653,0.0689999982714653,207686
2020-05-14,0.0689999982714653,0.07000000029802322,0.06800000369548798,0.0689999982714653,85749
2020-05-18,0.0689999982714653,0.0689999982714653,0.0689999982714653,0.0689999982714653,44781
2020-05-19,0.0689999982714653,0.0689999982714653,0.0689999982714653,0.0689999982714653,172000
2020-05-20,0.06800000369548798,0.0689999982714653,0.06700000166893005,0.06800000369548798,125360
2020-05-21,0.06700000166893005,0.06700000166893005,0.06700000166893005,0.06700000166893005,230000
2020-05-26,0.06700000166893005,0.06700000166893005,0.06700000166893005,0.06700000166893005,0
2020-05-27,0.0689999982714653,0.07000000029802322,0.0689999982714653,0.0689999982714653,213380
2020-05-28,0.07000000029802322,0.07199999690055847,0.07000000029802322,0.07100000232458115,775258
2020-06-01,0.07000000029802322,0.07000000029802322,0.07000000029802322,0.07000000029802322,219900
2020-06-02,0.07000000029802322,0.07000000029802322,0.07000000029802322,0.07000000029802322,22445
2020-06-03,0.0689999982714653,0.0689999982714653,0.06800000369548798,0.0689999982714653,254989
2020-06-04,0.0689999982714653,0.0689999982714653,0.06800000369548798,0.06800000369548798,217011
2020-06-08,0.07599999755620956,0.07800000160932541,0.07500000298023224,0.07800000160932541,3743716
2020-06-09,0.07800000160932541,0.07800000160932541,0.07599999755620956,0.07599999755620956,323198
2020-06-10,0.07500000298023224,0.07699999958276749,0.07500000298023224,0.07699999958276749,1596732
2020-06-11,0.07599999755620956,0.07699999958276749,0.07599999755620956,0.07699999958276749,1688243
2020-06-15,0.07599999755620956,0.07699999958276749,0.07599999755620956,0.07599999755620956,532500
2020-06-16,0.07699999958276749,0.07699999958276749,0.07699999958276749,0.07699999958276749,767750
2020-06-17,0.07699999958276749,0.07699999958276749,0.07699999958276749,0.07699999958276749,5000
2020-06-18,0.07699999958276749,0.07800000160932541,0.07699999958276749,0.07800000160932541,713133
2020-06-22,0.07699999958276749,0.07699999958276749,0.07699999958276749,0.07699999958276749,416000
2020-06-23,0.07699999958276749,0.07699999958276749,0.07699999958276749,0.07699999958276749,600000
2020-06-24,0.07699999958276749,0.07699999958276749,0.07599999755620956,0.07699999958276749,470702
2020-06-25,0.07699999958276749,0.07800000160932541,0.07699999958276749,0.07699999958276749,549059
2020-06-29,0.07699999958276749,0.07699999958276749,0.07500000298023224,0.07599999755620956,403930
2020-06-30,0.07500000298023224,0.07699999958276749,0.07500000298023224,0.07599999755620956,915267
2020-07-01,0.07000000029802322,0.07000000029802322,0.0689999982714653,0.07000000029802322,1721850
2020-07-02,0.07000000029802322,0.07000000029802322,0.0689999982714653,0.0689999982714653,406234
2020-07-06,0.0689999982714653,0.0689999982714653,0.0689999982714653,0.0689999982714653,153000
2020-07-07,0.06800000369548798,0.0689999982714653,0.06800000369548798,0.0689999982714653,3420
2020-07-08,0.0689999982714653,0.0689999982714653,0.06800000369548798,0.0689999982714653,1153156
2020-07-09,0.06700000166893005,0.06800000369548798,0.06599999964237213,0.06700000166893005,516962
2020-07-13,0.06599999964237213,0.06700000166893005,0.06599999964237213,0.06599999964237213,47965
2020-07-14,0.06700000166893005,0.06800000369548798,0.06599999964237213,0.06700000166893005,1598530
2020-07-15,0.06800000369548798,0.06800000369548798,0.06800000369548798,0.06800000369548798,13000
2020-07-16,0.06800000369548798,0.06800000369548798,0.06800000369548798,0.06800000369548798,78500
2020-07-20,0.06700000166893005,0.06700000166893005,0.06700000166893005,0.06700000166893005,31500
2020-07-21,0.06800000369548798,0.0689999982714653,0.06800000369548798,0.06800000369548798,417958
2020-07-22,0.06800000369548798,0.0689999982714653,0.06800000369548798,0.06800000369548798,456352
2020-07-23,0.06800000369548798,0.0689999982714653,0.06800000369548798,0.06800000369548798,312750
2020-07-27,0.06800000369548798,0.06800000369548798,0.06800000369548798,0.06800000369548798,266929
2020-07-28,0.06800000369548798,0.06800000369548798,0.06700000166893005,0.06700000166893005,21200
2020-07-29,0.06800000369548798,0.0689999982714653,0.06800000369548798,0.06800000369548798,220400
2020-07-30,0.06800000369548798,0.06800000369548798,0.06800000369548798,0.06800000369548798,0
2020-08-03,0.06800000369548798,0.06800000369548798,0.06800000369548798,0.06800000369548798,0
2020-08-04,0.06800000369548798,0.06800000369548798,0.06800000369548798,0.06800000369548798,0
2020-08-05,0.06800000369548798,0.06800000369548798,0.06800000369548798,0.06800000369548798,0
2020-08-06,0.06800000369548798,0.06800000369548798,0.06800000369548798,0.06800000369548798,0
2020-08-10,0.07000000029802322,0.07100000232458115,0.0689999982714653,0.07000000029802322,377075
2020-08-11,0.0689999982714653,0.07000000029802322,0.0689999982714653,0.0689999982714653,234900
2020-08-12,0.0689999982714653,0.0689999982714653,0.0689999982714653,0.0689999982714653,134600
2020-08-13,0.0689999982714653,0.07000000029802322,0.06800000369548798,0.0689999982714653,472500
2020-08-17,0.0689999982714653,0.0689999982714653,0.0689999982714653,0.0689999982714653,281065
2020-08-18,0.0689999982714653,0.0689999982714653,0.0689999982714653,0.0689999982714653,96424
2020-08-19,0.07000000029802322,0.07000000029802322,0.07000000029802322,0.07000000029802322,543759
2020-08-24,0.07100000232458115,0.07199999690055847,0.07000000029802322,0.07100000232458115,487402
2020-08-25,0.07100000232458115,0.07100000232458115,0.07000000029802322,0.07100000232458115,309338
2020-08-26,0.07100000232458115,0.07199999690055847,0.07100000232458115,0.07100000232458115,503335
2020-08-27,0.07100000232458115,0.07100000232458115,0.07100000232458115,0.07100000232458115,31299
2020-08-31,0.07100000232458115,0.07100000232458115,0.07000000029802322,0.07100000232458115,51000
2020-09-01,0.07100000232458115,0.07100000232458115,0.07100000232458115,0.07100000232458115,7830
2020-09-02,0.07000000029802322,0.07100000232458115,0.07000000029802322,0.07000000029802322,331500
2020-09-03,0.07000000029802322,0.07000000029802322,0.0689999982714653,0.0689999982714653,506176
2020-09-08,0.0689999982714653,0.0689999982714653,0.06800000369548798,0.0689999982714653,157500
2020-09-09,0.0689999982714653,0.0689999982714653,0.06800000369548798,0.06800000369548798,380000
2020-09-10,0.0689999982714653,0.0689999982714653,0.0689999982714653,0.0689999982714653,55000
2020-09-14,0.0689999982714653,0.0689999982714653,0.06800000369548798,0.06800000369548798,123900
2020-09-15,0.06700000166893005,0.06700000166893005,0.06700000166893005,0.06700000166893005,155000
2020-09-16,0.06700000166893005,0.06700000166893005,0.06700000166893005,0.06700000166893005,340860
2020-09-17,0.06800000369548798,0.06800000369548798,0.06700000166893005,0.06800000369548798,215000
2020-09-21,0.0689999982714653,0.0689999982714653,0.06800000369548798,0.0689999982714653,92207
2020-09-22,0.0689999982714653,0.0689999982714653,0.0689999982714653,0.0689999982714653,0
2020-09-23,0.06800000369548798,0.06800000369548798,0.06800000369548798,0.06800000369548798,16000
2020-09-24,0.06800000369548798,0.06800000369548798,0.06700000166893005,0.06700000166893005,75000
2020-09-28,0.06700000166893005,0.06700000166893005,0.06700000166893005,0.06700000166893005,301066
2020-09-29,0.06800000369548798,0.06800000369548798,0.06599999964237213,0.06700000166893005,689700
2020-09-30,0.06700000166893005,0.06700000166893005,0.06700000166893005,0.06700000166893005,0
2020-10-01,0.06700000166893005,0.06700000166893005,0.06700000166893005,0.06700000166893005,0
2020-10-05,0.06700000166893005,0.06700000166893005,0.06700000166893005,0.06700000166893005,75000
2020-10-06,0.06599999964237213,0.06599999964237213,0.06599999964237213,0.06599999964237213,906138
2020-10-07,0.06599999964237213,0.06599999964237213,0.06599999964237213,0.06599999964237213,1168646
2020-10-08,0.06599999964237213,0.06599999964237213,0.06599999964237213,0.06599999964237213,522500
2020-10-12,0.06499999761581421,0.06599999964237213,0.06499999761581421,0.06599999964237213,285771
2020-10-13,0.06599999964237213,0.06599999964237213,0.06599999964237213,0.06599999964237213,0
2020-10-14,0.06499999761581421,0.06499999761581421,0.06400000303983688,0.06499999761581421,85500
2020-10-15,0.06400000303983688,0.06400000303983688,0.06199999898672104,0.06199999898672104,731955
2020-10-19,0.06199999898672104,0.06199999898672104,0.06199999898672104,0.06199999898672104,326000
2020-10-20,0.06300000101327896,0.06400000303983688,0.06300000101327896,0.06400000303983688,612900
2020-10-21,0.06300000101327896,0.06300000101327896,0.06199999898672104,0.06199999898672104,204998
2020-10-22,0.06199999898672104,0.06199999898672104,0.061000000685453415,0.06199999898672104,547341
2020-10-26,0.061000000685453415,0.06300000101327896,0.061000000685453415,0.06199999898672104,347588
2020-10-27,0.06199999898672104,0.06199999898672104,0.06199999898672104,0.06199999898672104,64570
2020-10-28,0.06199999898672104,0.06199999898672104,0.061000000685453415,0.06199999898672104,289473
2020-11-02,0.06199999898672104,0.06199999898672104,0.061000000685453415,0.06199999898672104,154838
2020-11-03,0.061000000685453415,0.061000000685453415,0.061000000685453415,0.061000000685453415,186680
2020-11-04,0.061000000685453415,0.061000000685453415,0.061000000685453415,0.061000000685453415,0
2020-11-05,0.061000000685453415,0.061000000685453415,0.061000000685453415,0.061000000685453415,80000
2020-11-09,0.061000000685453415,0.06199999898672104,0.061000000685453415,0.06199999898672104,40000
2020-11-10,0.06199999898672104,0.06199999898672104,0.06199999898672104,0.06199999898672104,5000
2020-11-11,0.06199999898672104,0.06199999898672104,0.06199999898672104,0.06199999898672104,36371
2020-11-12,0.06199999898672104,0.06300000101327896,0.06199999898672104,0.06300000101327896,252198
2020-11-16,0.06300000101327896,0.06300000101327896,0.06300000101327896,0.06300000101327896,0
2020-11-17,0.06199999898672104,0.06199999898672104,0.06199999898672104,0.06199999898672104,71303
2020-11-18,0.06199999898672104,0.06199999898672104,0.06199999898672104,0.06199999898672104,3000
2020-11-19,0.06199999898672104,0.06199999898672104,0.06199999898672104,0.06199999898672104,70000
2020-11-23,0.06199999898672104,0.06199999898672104,0.06199999898672104,0.06199999898672104,62990
2020-11-24,0.06199999898672104,0.06199999898672104,0.06199999898672104,0.06199999898672104,64700
2020-11-25,0.06199999898672104,0.06199999898672104,0.06199999898672104,0.06199999898672104,0
2020-11-30,0.06199999898672104,0.06199999898672104,0.061000000685453415,0.061000000685453415,228648
2020-12-01,0.06199999898672104,0.06199999898672104,0.06199999898672104,0.06199999898672104,111437
2020-12-02,0.06199999898672104,0.06199999898672104,0.06199999898672104,0.06199999898672104,42000
2020-12-03,0.061000000685453415,0.06300000101327896,0.061000000685453415,0.06199999898672104,368068
2020-12-07,0.06300000101327896,0.06400000303983688,0.06300000101327896,0.06400000303983688,163388
2020-12-08,0.06499999761581421,0.06499999761581421,0.06300000101327896,0.06499999761581421,565506
2020-12-09,0.06400000303983688,0.06400000303983688,0.06400000303983688,0.06400000303983688,201193
2020-12-10,0.06300000101327896,0.06300000101327896,0.06300000101327896,0.06300000101327896,82750
2020-12-14,0.06300000101327896,0.06300000101327896,0.06300000101327896,0.06300000101327896,159324
2020-12-15,0.06300000101327896,0.06300000101327896,0.06199999898672104,0.06199999898672104,168010
2020-12-16,0.06199999898672104,0.06199999898672104,0.06199999898672104,0.06199999898672104,0
2020-12-17,0.06199999898672104,0.06199999898672104,0.061000000685453415,0.06199999898672104,181583
2020-12-21,0.061000000685453415,0.06199999898672104,0.061000000685453415,0.061000000685453415,196192
2020-12-22,0.061000000685453415,0.061000000685453415,0.061000000685453415,0.061000000685453415,225177
2020-12-23,0.061000000685453415,0.061000000685453415,0.061000000685453415,0.061000000685453415,0
2020-12-24,0.061000000685453415,0.061000000685453415,0.061000000685453415,0.061000000685453415,614
2020-12-28,0.061000000685453415,0.06199999898672104,0.061000000685453415,0.06199999898672104,10000
2020-12-29,0.061000000685453415,0.06199999898672104,0.061000000685453415,0.061000000685453415,60720
2020-12-30,0.061000000685453415,0.06199999898672104,0.061000000685453415,0.06199999898672104,422950
2020-12-31,0.061000000685453415,0.06199999898672104,0.061000000685453415,0.061000000685453415,189480
2021-01-04,0.06700000166893005,0.0689999982714653,0.06700000166893005,0.06700000166893005,1007940
2021-01-05,0.06700000166893005,0.06800000369548798,0.06599999964237213,0.06700000166893005,340837
2021-01-06,0.06599999964237213,0.06599999964237213,0.06499999761581421,0.06499999761581421,110742
2021-01-07,0.06499999761581421,0.06599999964237213,0.06400000303983688,0.06499999761581421,175001
2021-01-11,0.06599999964237213,0.06599999964237213,0.06599999964237213,0.06599999964237213,266000
2021-01-12,0.06599999964237213,0.06599999964237213,0.06499999761581421,0.06499999761581421,97000
2021-01-13,0.06499999761581421,0.06499999761581421,0.06400000303983688,0.06400000303983688,61523
2021-01-14,0.06400000303983688,0.06499999761581421,0.06199999898672104,0.06300000101327896,67717
2021-01-19,0.06800000369548798,0.0689999982714653,0.06700000166893005,0.06700000166893005,1007764
2021-01-20,0.06800000369548798,0.0689999982714653,0.06700000166893005,0.06800000369548798,748400
2021-01-21,0.06700000166893005,0.06800000369548798,0.06700000166893005,0.06700000166893005,145001
2021-01-25,0.06700000166893005,0.06700000166893005,0.06700000166893005,0.06700000166893005,81000
2021-01-26,0.06599999964237213,0.06599999964237213,0.06499999761581421,0.06499999761581421,289495
2021-01-27,0.06700000166893005,0.06800000369548798,0.06599999964237213,0.06599999964237213,336000
2021-01-28,0.06599999964237213,0.06599999964237213,0.06599999964237213,0.06599999964237213,0
2021-02-01,0.06700000166893005,0.06800000369548798,0.06700000166893005,0.06700000166893005,129000
2021-02-02,0.06599999964237213,0.06599999964237213,0.06599999964237213,0.06599999964237213,41000
2021-02-03,0.06599999964237213,0.06700000166893005,0.06599999964237213,0.06599999964237213,278551
2021-02-04,0.06599999964237213,0.06800000369548798,0.06499999761581421,0.06599999964237213,258238
2021-02-08,0.06700000166893005,0.06700000166893005,0.06599999964237213,0.06700000166893005,1284447
2021-02-09,0.06700000166893005,0.06800000369548798,0.06700000166893005,0.06700000166893005,600650
2021-02-10,0.06700000166893005,0.06700000166893005,0.06700000166893005,0.06700000166893005,278543
2021-02-11,0.06700000166893005,0.06700000166893005,0.06599999964237213,0.06599999964237213,484325
2021-02-16,0.06599999964237213,0.06599999964237213,0.06499999761581421,0.06599999964237213,475400
2021-02-17,0.06599999964237213,0.06599999964237213,0.06599999964237213,0.06599999964237213,0
2021-02-18,0.06599999964237213,0.06599999964237213,0.06599999964237213,0.06599999964237213,0
2021-02-22,0.06499999761581421,0.06499999761581421,0.06499999761581421,0.06499999761581421,248569
2021-02-23,0.06499999761581421,0.06499999761581421,0.06499999761581421,0.06499999761581421,61932
2021-02-24,0.06499999761581421,0.06499999761581421,0.06499999761581421,0.06499999761581421,332260
2021-02-25,0.06599999964237213,0.0689999982714653,0.06599999964237213,0.06700000166893005,686638
2021-03-01,0.07000000029802322,0.07400000095367432,0.07000000029802322,0.0729999989271164,2425887
2021-03-02,0.07400000095367432,0.07699999958276749,0.07400000095367432,0.07599999755620956,9455741
2021-03-03,0.07500000298023224,0.07500000298023224,0.0729999989271164,0.07500000298023224,776170
2021-03-04,0.0729999989271164,0.0729999989271164,0.0729999989271164,0.0729999989271164,228794
2021-03-08,0.07699999958276749,0.07900000363588333,0.07699999958276749,0.07699999958276749,2928894
2021-03-09,0.07800000160932541,0.07900000363588333,0.07800000160932541,0.07800000160932541,1612102
2021-03-10,0.07800000160932541,0.07900000363588333,0.07800000160932541,0.07800000160932541,1216825
2021-03-15,0.07599999755620956,0.07599999755620956,0.07500000298023224,0.07599999755620956,1851355
2021-03-16,0.07400000095367432,0.07500000298023224,0.07400000095367432,0.07400000095367432,772718
2021-03-17,0.07500000298023224,0.07500000298023224,0.07500000298023224,0.07500000298023224,1399337
2021-03-18,0.07500000298023224,0.07500000298023224,0.0729999989271164,0.07400000095367432,343100
2021-03-22,0.07599999755620956,0.0820000022649765,0.07599999755620956,0.07999999821186066,3679162
2021-03-23,0.08500000089406967,0.0860000029206276,0.08299999684095383,0.08399999886751175,4831501
2021-03-24,0.08299999684095383,0.08299999684095383,0.08100000023841858,0.0820000022649765,1103510
2021-03-25,0.0820000022649765,0.0820000022649765,0.08100000023841858,0.08100000023841858,304810
2021-03-29,0.08399999886751175,0.0860000029206276,0.08299999684095383,0.08500000089406967,8778265
